playername,playerid,league,position,teamname,n_games,dpm,damageshare,earnedgoldshare,cspm,jungle_cs_share,deaths_pm,death_share,dmg_taken_pm,kp,kill_ratio,wpm,wcpm,dpm_z,damageshare_z,earnedgoldshare_z,cspm_z,jungle_cs_share_z,deaths_pm_z,death_share_z,dmg_taken_pm_z,kp_z,kill_ratio_z,wpm_z,wcpm_z,cluster,role_cluster,playstyle,pc1,pc2
Jiwoo,oe:player:8643b56ba8000250b81fdaca1d7f06e,LCK,bot,Nongshim RedForce,63,680.9228809523809,0.26229236507936504,0.24322455555555555,8.80897619047619,0.03838548330813074,0.10492927561080154,0.1887141535615171,553.5081317460318,0.6581508515815085,0.4011090573012939,0.42225714285714283,0.2665269841269841,-0.2771522343792554,-0.6822866367650466,-1.556695400200104,-1.2824795543793153,0.11636477794814468,1.8502997451831769,1.02895457083439,1.7727787902973509,-1.5147074310706694,-0.5974713019153739,0.20861038597566153,-1.0241985563880363,0,bot_0,Penopang Bersumber Daya Rendah,-3.209225199320849,1.2859665810510525
LazyFeel,oe:player:a41eb80b5f23627fc710cc41c516e49,LCK,bot,Kiwoom DRX,24,607.1898041666667,0.24222745,0.252299375,8.909670833333333,0.03132395934846165,0.08434108527131783,0.16464891041162227,537.8811375,0.6626506024096386,0.41363636363636364,0.42092916666666663,0.27997916666666667,-1.3096543558442584,-1.9430199271873052,-0.6298186568829389,-1.011587417407731,-0.5058970557220832,0.6656931247184208,-0.006147625352116135,1.342148466415754,-1.3744892091096197,-0.33978134240202756,0.1823723264760018,-0.7733552846885541,0,bot_0,Penopang Bersumber Daya Rendah,-2.5696465480276593,-0.5542297438637647
Sty1e,oe:player:00ff83174dc14ce3f7b17e427b75e7f,LCP,bot,MGN Vikings Esports,17,767.2494294117647,0.262849,0.23580182352941179,8.60294705882353,0.04616030214015946,0.07392049039935095,0.2019704433497537,544.1160470588235,0.7607142857142857,0.30985915492957744,0.4426882352941176,0.35395882352941177,0.9316993192064572,-0.6473117478965784,-2.3148325432062977,-1.836746098935915,0.8014821903513902,0.06611125419144513,1.5991384907566122,1.5139627693083528,1.6813056197883451,-2.474505599539068,0.6122864630385808,0.6061457079506632,0,bot_0,Penopang Bersumber Daya Rendah,-2.306698279220634,1.8886717068741374
Kakkun,oe:player:2caa05c21e7e142214c20319ff97d09,LCP,bot,DetonatioN FocusMe,44,628.0801272727273,0.2562880454545455,0.23996431818181818,8.438472727272726,0.025784563189143343,0.11361606345349959,0.218707015130674,515.6789590909091,0.6992337164750958,0.3452054794520548,0.31073863636363636,0.17560454545454543,-1.0171221048467525,-1.0595544002917718,-1.8896869509312384,-2.2792205135279673,-0.9940289138323192,2.350121546873928,2.3190174505974737,0.730326952396085,-0.23451070719145858,-1.7474224827445017,-1.9947643655253942,-2.7196321353043875,0,bot_0,Penopang Bersumber Daya Rendah,-5.67132336892008,0.8359621139170554
Leemas,oe:player:de6a79c709c8f1a5538dff9c2bf0ed3,LCP,bot,Chiefs Esports Club,15,627.9145599999999,0.2867769333333333,0.2512911333333333,8.547133333333333,0.017245751965508496,0.09800362976406533,0.15625,501.8317,0.6935483870967742,0.3953488372093023,0.3337333333333333,0.2520133333333333,-1.0194405834426337,0.8561455059724673,-0.7327976481673105,-1.9868980726792953,-1.7464693728224108,1.451810816056457,-0.36740433730359784,0.34874047624410426,-0.41167313398797895,-0.715960531969396,-1.5404367717067096,-1.294835060066425,0,bot_0,Penopang Bersumber Daya Rendah,-3.0057612897422703,-0.004448282800930414
Patrik,oe:player:1dad889ff236635dc1e03d02312e79c,LEC,bot,Rogue,29,666.8857931034482,0.28561375862068966,0.24651496551724136,8.655420689655173,0.045314461819427006,0.08929885677837202,0.19361702127659575,551.4608655172414,0.6646706586826348,0.43243243243243246,0.38300689655172415,0.26087241379310344,-0.47371697323227513,0.7830600691786024,-1.2206221055041113,-1.695579760913259,0.7269467002819272,0.950954182303689,1.239838338261107,1.7163626359623758,-1.3115415683002511,0.04685869636749568,-0.5668932001003667,-1.1296395075809966,0,bot_0,Penopang Bersumber Daya Rendah,-2.4011226787211224,1.831643910057749
fishone,oe:player:0dcf834c627e57895f26132ec33d99c,LPL,bot,LNG Esports,16,607.44824375,0.2410461875,0.2363214375,8.65410625,0.02988354207866403,0.09888751545117429,0.1925925925925926,559.895075,0.7058823529411765,0.30128205128205127,0.3355125,0.314775,-1.3060353638030389,-2.0172418689491716,-2.261760621743909,-1.6991159109705694,-0.6328266953683856,1.502667973456798,1.1957752729497244,1.9487826589087518,-0.027330350023402856,-2.6509388592163963,-1.5052841227401106,-0.12451628409547932,0,bot_0,Penopang Bersumber Daya Rendah,-4.883470074623628,0.887813766750021
Photic,oe:player:1c42d9266c8b391c7870b7a39f25a12,LPL,bot,LNG Esports,16,639.66448125,0.293706,0.247458625,8.70906875,0.03648648648648649,0.10007849293563578,0.1969111969111969,539.0150125,0.5971223021582733,0.42168674698795183,0.38646875,0.30098125000000003,-0.8549035920875907,1.2915176460322972,-1.1242393583283385,-1.5512539328569575,-0.050974914038917706,1.5711946282843405,1.3815285099648005,1.3733944597785037,-3.416438219249503,-0.1741828566261837,-0.4984941449016488,-0.38172877499038665,0,bot_0,Penopang Bersumber Daya Rendah,-2.982442294228743,1.7022134748601983
LP,oe:player:233724c5adf28da47784390134db3c6,LPL,bot,LNG Esports,18,644.3695,0.271982,0.2423908888888889,9.23473888888889,0.024434719183078046,0.08577194752774975,0.22666666666666666,488.63835555555556,0.6746411483253588,0.3404255319148936,0.40069444444444446,0.3295777777777778,-0.7890180756724007,-0.07346047088480114,-1.6418437879716214,-0.13707833001196404,-1.1129772330875183,0.7480223082937122,2.661380614537552,-0.014826189343891563,-1.0008478469848383,-1.8457472506061108,-0.21742388179439628,0.15151157956639688,0,bot_0,Penopang Bersumber Daya Rendah,-3.1044721664628203,0.6149696498352624
Baiye,oe:player:2c356e2803d68c33c11e65496fff9bd,LPL,bot,Ultra Prime,28,649.9074857142857,0.281664,0.2570927857142857,9.097539285714285,0.031061368209255532,0.09371964112234984,0.19806763285024154,488.27810714285715,0.7337461300309598,0.4345991561181435,0.4433964285714286,0.2348357142857143,-0.7114683212350444,0.5348859721271381,-0.14023305802469993,-0.5061773470108176,-0.5290365996394005,1.205317985783777,1.4312695149817947,-0.0247534913058502,0.8409420121313884,0.09142876785081393,0.6262788956443802,-1.6151466637189413,0,bot_0,Penopang Bersumber Daya Rendah,-1.5224853259420386,0.39940517271659065
bat,oe:player:4462a94df8bf2cf755c0c5da35f0282,LPL,bot,FunPlus Phoenix,10,474.93756,0.21930520000000003,0.2453649,8.69332,0.042643923240938165,0.10617258249193295,0.1827956989247312,462.209,0.7216494845360825,0.37142857142857144,0.40738,0.30613999999999997,-3.1616145428230245,-3.383287356781436,-1.3380865892602736,-1.5936217532402508,0.4916187112772109,1.9218373372867965,0.7743880428999281,-0.7431352783269406,0.4639944459725485,-1.20800663954554,-0.08533114872209253,-0.2855334011867374,0,bot_0,Penopang Bersumber Daya Rendah,-4.021318117929395,-1.7442098046407029
Assum,oe:player:da3299cd46f1ad8a86bbadeb6b8a320,LPL,bot,FunPlus Phoenix,64,659.8362046875,0.261011015625,0.253327546875,9.10478125,0.03753614209004544,0.10375319316172137,0.20465116279069767,512.8609609375,0.7230290456431535,0.381635581061693,0.3941078125,0.3206609375,-0.5724340661873865,-0.7627973146020901,-0.5248040497158836,-0.4866947695313738,0.0415207886342244,1.7826301233067496,1.7144424818028483,0.6526718743692622,0.5069834053413294,-0.9980457885245858,-0.3475620891659622,-0.014761022065448128,0,bot_0,Penopang Bersumber Daya Rendah,-2.2831160415697744,1.246136372747632
ScaryJerry,oe:player:265b58ce8b2f418df94006bf24e296c,LTA N,bot,Disguised,20,614.827045,0.25894855,0.25520065000000003,8.878605,0.020298403886190145,0.1142122186495177,0.17370892018779344,518.82513,0.6770186335403726,0.4036697247706422,0.40425000000000005,0.21803,-1.202708223846094,-0.8923876499463524,-0.33349052165884785,-1.095161773894688,-1.4774695375787277,2.3844232208133396,0.38354451107771953,0.8170254291625109,-0.926762244843518,-0.5447977040281522,-0.14717346699775744,-1.9285233475573973,0,bot_0,Penopang Bersumber Daya Rendah,-3.488290141022522,-0.1593570363599018
Tomo,oe:player:6378658dafc3eeb902fa2e52f909172,LTA N,bot,Dignitas,35,669.9227342857142,0.2825373714285714,0.2516450285714286,9.111165714285715,0.024570912375790423,0.08399324760166339,0.1851179673321234,539.6968800000001,0.6791044776119403,0.3626373626373626,0.3636857142857143,0.28500857142857144,-0.4311899507594844,0.5897622788819036,-0.6966517757596729,-0.4695190675803809,-1.1009758823430287,0.6456791847108112,0.8742742195595117,1.3921845621965632,-0.8617645687111364,-1.388844097885491,-0.9486397506296727,-0.6795718156153697,0,bot_0,Penopang Bersumber Daya Rendah,-2.343146218865012,1.0477369271726473
Marvin,oe:player:7db16a4ce881aecec2bfeb3e0c74188,LTA S,bot,Fluxo W7M,30,542.23421,0.2366285333333333,0.24931456666666665,8.977936666666666,0.01738122827346466,0.08651841556636553,0.1680161943319838,474.8124833333333,0.6443661971830986,0.36065573770491804,0.44172666666666666,0.2996,-2.219243263588,-2.2948151181485676,-0.9346786537525856,-0.827936361610765,-1.7345311939973933,0.7909727068439796,0.13868710411393395,-0.3958233113280511,-1.9442556002735947,-1.4296066397244138,0.5932878582134318,-0.40748498726396026,0,bot_0,Penopang Bersumber Daya Rendah,-3.5124552941951452,-2.3072785753457303
Snaker,oe:player:81d2110b25710f286ed9e9b6a8426b0,LTA S,bot,Isurus,37,618.9803459459459,0.23891964864864862,0.25100321621621624,9.129978378378377,0.027518742000365696,0.07931538300981006,0.17086330935251798,430.19166486486483,0.6928104575163399,0.36477987421383645,0.4128243243243243,0.2525918918918919,-1.1445485453854407,-2.150858099701734,-0.7622046993480482,-0.4189086017841026,-0.8412129929140468,0.37652345641351365,0.2611481568527003,-1.6254313348811311,-0.43466800140466516,-1.3447720758057864,0.02223742561043481,-1.2840466603944414,0,bot_0,Penopang Bersumber Daya Rendah,-2.381568768230786,-2.4591424621423195
deokdam,oe:player:18bdb3898e7fecb3bb0be7ff075d509,LCK,bot,KT Rolster,65,697.4475307692308,0.27599161538461536,0.25412318461538463,8.87951846153846,0.029394505201387037,0.07449172445969776,0.17046688382193267,496.3971015384615,0.7308488612836439,0.42209631728045327,0.4367261538461538,0.27829846153846155,-0.045753563170277636,0.17847458975108996,-0.4435398303908998,-1.0927043487410406,-0.6759206487026463,0.09897901180217888,0.24409697084234655,0.19898020508683906,0.7506592636395621,-0.16575788885820442,0.49448808013429413,-0.8046954461736819,1,bot_1,Penyerang Seimbang,-0.9949472503955906,-0.02687735338777208
Hype,oe:player:2452114de900ce4bb971851b668786d,LCK,bot,HANJIN BRION,69,676.3891652173913,0.2639232463768116,0.25924595652173915,9.43273768115942,0.027235107304398036,0.0731042833358559,0.16580844490216273,464.7896623188406,0.7113636363636363,0.46645367412140576,0.39303623188405795,0.34461594202898554,-0.34063895321102555,-0.5798139207687342,0.0796858018529851,0.39558472369240866,-0.8662068960733876,0.019148200365774568,0.04372665558643635,-0.6720204220279717,0.14347373333987248,0.7466845135810982,-0.36873430306663985,0.431928702215415,1,bot_1,Penyerang Seimbang,0.102909069413195,-0.6747138062875904
Teddy,oe:player:2b5fa564a1259b97bc238fbfa719b07,LCK,bot,Kiwoom DRX,52,675.1479961538462,0.25554578846153847,0.2660793076923077,9.342534615384615,0.04227819049344688,0.07528017810648654,0.1581450653983353,464.2674423076923,0.7607726597325408,0.4296875,0.4457788461538461,0.31487115384615383,-0.3580193440352343,-1.1061924297791246,0.7776252283830147,0.15291738255299825,0.4593903238374773,0.14434518505560703,-0.28589315773579416,-0.6864111467570956,1.6831246318539221,-0.009605279882547451,0.6733505334710277,-0.1227233002964149,1,bot_1,Penyerang Seimbang,0.5767940021843533,-0.8443545686182387
Berserker,oe:player:460ae5a7af8d68f7831b70307210ab3,LCK,bot,DN SOOPers,73,652.7346506849316,0.2642964520547945,0.2666880410958904,9.575208219178082,0.035014066219433024,0.06926251322001561,0.1426131511528608,494.46925205479454,0.7335811648079306,0.41047297297297297,0.385427397260274,0.30723013698630136,-0.6718788458303103,-0.5563643910524796,0.8397995601276,0.7788637880426439,-0.18072465935491752,-0.20190018895284612,-0.9539569893094801,0.1458547969324656,0.8358014763235028,-0.40485311363284593,-0.5190691185653468,-0.265205582452655,1,bot_1,Penyerang Seimbang,0.4653578957680103,-0.7556249771905275
Gumayusi,oe:player:c7319736816efe935787b4381c6f321,LCK,bot,T1,62,756.2007048387097,0.2636595,0.2565550483870968,9.628975806451612,0.040488764626695664,0.07290036949502347,0.17675544794188863,515.1378112903226,0.7008712487899322,0.42265193370165743,0.4538661290322581,0.3038967741935484,0.7769813546446954,-0.59638582432075,-0.19515604857411792,0.9235111714888183,0.3017060297076125,0.007415372862657926,0.5145827702536241,0.7154146379122202,-0.1834830218016997,-0.154328714121395,0.8331384956921442,-0.32736290348431063,1,bot_1,Penyerang Seimbang,0.19478713270158335,0.48469124681745546
Violet,oe:player:5a804d07122e4fee39975c8097146f4,LCP,bot,Chiefs Esports Club,18,503.81614999999994,0.2595817777777778,0.25502061111111113,9.025355555555556,0.009563658099222952,0.0703547805171377,0.14942528735632185,415.6317388888889,0.712707182320442,0.46511627906976744,0.3151777777777778,0.26734444444444444,-2.757220656934147,-0.8526002231515293,-0.35187919154097363,-0.7003684614777503,-2.423415856749042,-0.1390531368247855,-0.6609511343092179,-2.026656646672536,0.18534041271432417,0.7191739484610259,-1.907056123926665,-1.0089553480899511,1,bot_1,Penyerang Seimbang,-1.8773602654279917,-3.1221914747205934
Shogun,oe:player:60d1428b9206634f3feb66e4b8ebd59,LCP,bot,MGN Vikings Esports,31,717.4686516129033,0.2763494516129032,0.2531276774193548,9.558632258064515,0.04594959029146354,0.05657849024765497,0.16101694915254236,453.5489935483871,0.6943231441048034,0.4339622641509434,0.4589645161290323,0.3201709677419355,0.23460703815491016,0.2009584150619463,-0.5452181583679697,0.7342705763185354,0.7829142520289504,-0.9317155510330022,-0.16236674403383844,-0.9817775485141047,-0.38753067493478216,0.07832773392920285,0.9338720667883919,-0.02389750358316116,1,bot_1,Penyerang Seimbang,1.0287399313500962,-0.8769995113459693
Marble,oe:player:7fb26875c639817a59912a87be6f738,LCP,bot,Fukuoka SoftBank HAWKS gaming,50,736.924976,0.29480098,0.26810968,9.141258,0.02265029635901778,0.06921012063259344,0.11982082866741321,449.854682,0.7338983050847457,0.4503464203233256,0.40757800000000005,0.25355,0.5070586579885865,1.360318223203253,0.9850017920486761,-0.38856378185512713,-1.270220658852908,-0.20491476210863072,-1.9343079009511512,-1.0835810401872028,0.8456839892504995,0.415354100794847,-0.08141907874810413,-1.2661807883122962,1,bot_1,Penyerang Seimbang,1.065544463624741,-1.2677517891876153
Artemis,oe:player:9d2474b953a3a0be93880409ccceb4e,LCP,bot,GAM Esports,47,651.4986106382978,0.2642231063829787,0.25857121276595746,9.492165957446808,0.041490953611753506,0.06057872011342399,0.16123499142367068,484.4299212765958,0.7136563876651982,0.4609053497942387,0.37181914893617024,0.32985106382978724,-0.6891874137892205,-0.5609728994763052,0.010769356874523564,0.5554606843516839,0.39001897165724525,-0.701549679033897,-0.15298823776649578,-0.1307972704136281,0.21491891401390895,0.6325540346901916,-0.787939924965831,0.1566075531895365,1,bot_1,Penyerang Seimbang,0.5105888492351078,-0.5024964816972632
Eddie,oe:player:e5f6c83e6e97c74fc9e9760fc8972ae,LCP,bot,Team Secret Whales,45,776.1999133333333,0.29342922222222223,0.2623592,9.699537777777778,0.035494140757298655,0.05652069139264355,0.15439856373429084,449.9100666666667,0.7090395480225988,0.3944223107569721,0.45423111111111114,0.3150866666666667,1.0570351120422237,1.2741269440475969,0.39766380614819774,1.1133393754439294,-0.13842046780408215,-0.935041190886375,-0.4470389261917334,-1.0820548146975635,0.07105204882715313,-0.7350194228117655,0.8403497857513595,-0.11870462594144267,1,bot_1,Penyerang Seimbang,1.644596591880709,-0.5813406055517972
Keduii,oe:player:44189e6dc3089dbf9520de800fa705a,LEC,bot,SK Gaming,28,600.4457607142857,0.2716955714285714,0.26257825,9.426139285714285,0.034330268823460956,0.08025946896817107,0.14717741935483872,474.837775,0.7095588235294118,0.41968911917098445,0.43109285714285717,0.34232500000000005,-1.4040928287167842,-0.09145755853255626,0.42003696209544017,0.377833496894256,-0.24098091903861968,0.43084442674267737,-0.7576371761073342,-0.39512635333109314,0.08723336442757619,-0.2152745819746718,0.3831858029245404,0.38920943401270053,1,bot_1,Penyerang Seimbang,-0.009891794143547766,-0.98916807569977
Flakked,oe:player:717bb4d71a2dab54e7020b1a8fde420,LEC,bot,Team Heretics,41,663.5586048780488,0.26683321951219513,0.25584251219512194,9.422119512195122,0.03108531276254487,0.07063487296534326,0.16415410385259632,493.51162682926827,0.7082452431289641,0.4388059701492537,0.5172024390243902,0.35419024390243903,-0.5203083953049255,-0.39697237912745376,-0.2679325075611441,0.3670193660939441,-0.5269266044427069,-0.12293713230882886,-0.027430408690105722,0.1194656875149407,0.04630045165333599,0.17796402997034919,2.0845328218709467,0.610461010938623,1,bot_1,Penyerang Seimbang,0.14703877511427202,-0.6535279637123629
Hans Sama,oe:player:c62a5235ad6bc113a1e64eb0e9aa8c8,LEC,bot,G2 Esports,39,669.3546794871795,0.26368928205128206,0.24892079487179486,9.376274358974358,0.04182093571188152,0.045036740498827985,0.15447154471544716,421.213541025641,0.6373239436619719,0.4585635359116022,0.3788820512820513,0.3965948717948718,-0.4391445596021349,-0.5945145368839555,-0.9748974064313909,0.24368518293008223,0.4190970103181286,-1.5958066119159542,-0.44389984409710326,-1.8728399098037085,-2.163701588517724,0.5843823121775057,-0.6483916007409355,1.401181443430462,1,bot_1,Penyerang Seimbang,0.6386037227358341,-1.834673136482461
Carzzy,oe:player:ec0c2b8d7630efba391c288765d4d7e,LEC,bot,Team Vitality,39,685.2087692307692,0.2657200512820513,0.25086058974358977,8.965284615384615,0.029519979464362113,0.07510345884637,0.1675213675213675,520.2620102564103,0.6642066420664207,0.4722222222222222,0.48656923076923075,0.3253846153846154,-0.21713590340938918,-0.46691577236045345,-0.776772169397248,-0.8619733382722887,-0.6648638505662636,0.1341770837292744,0.11740344970784353,0.8566212849269174,-1.3260009433570166,0.8653450529493095,1.4792840631743596,0.0733215482933814,1,bot_1,Penyerang Seimbang,-0.943468486808424,-0.08633188524364785
Starry,oe:player:0be01924125adebc1a95bbb09d0c4d1,LPL,bot,Oh My God,32,635.0647,0.267754675,0.26495478125,9.348078125,0.03312693498452012,0.09589616092473606,0.18470149253731344,505.35076250000003,0.782258064516129,0.46048109965635736,0.38555625,0.32435625,-0.9193154423173385,-0.33907481990416094,0.6627692344978369,0.16783071978152245,-0.34701875526396714,1.3305509336516956,0.8563606679664953,0.44571466080422223,2.352638427603394,0.6238270986729791,-0.516523255261568,0.05414558656237866,1,bot_1,Penyerang Seimbang,-0.4007311409680187,0.8821553129058525
Light,oe:player:3c4d21c7addb20fea3fec30418ac3d3,LPL,bot,Weibo Gaming,99,715.8327323232323,0.2747902626262626,0.2539512424242424,9.084861616161616,0.03309357376827744,0.06378737541528239,0.1471004243281471,439.01678686868684,0.7099447513812155,0.42120622568093385,0.3731060606060606,0.33117070707070706,0.21169886436420207,0.10299032231187488,-0.46110152615139344,-0.5402832428111977,-0.3499585472566309,-0.5169295521215617,-0.7609489116558811,-1.3822390045476436,0.09925938970143548,-0.1840673052729066,-0.7625132153549593,0.18121498228529478,1,bot_1,Penyerang Seimbang,0.0859818081574687,-1.0909606183324019
Peyz,oe:player:5bbc2b92348d930ebd500cb9ce71bb7,LPL,bot,JD Gaming,95,737.5943557894736,0.2809436105263158,0.2624124315789474,9.650791578947368,0.029976707288255747,0.06135636735493136,0.1419939577039275,489.9843915789474,0.7048951048951049,0.43353174603174605,0.4253357894736842,0.3755294736842105,0.5164321452052656,0.4896219384668351,0.40310073112928707,0.9822007011735862,-0.6246169725824943,-0.6568052864726377,-0.9805899426880523,0.02226628791588036,-0.05809431250534628,0.06947186390109009,0.26943806773874573,1.0083743010843949,1,bot_1,Penyerang Seimbang,1.46487617804261,-0.2429377245771837
Wako,oe:player:64ff4f1dd75a5654ab87c0bbee89c1e,LPL,bot,Ultra Prime,39,649.6613384615384,0.27397012820512817,0.25232033333333337,9.209723076923076,0.024278324712164193,0.07409408405047659,0.17297297297297298,434.27760512820515,0.6833667334669339,0.36363636363636365,0.3861871794871795,0.3357538461538462,-0.7149151807956858,0.05145904180280786,-0.6276780311807617,-0.20437671420815828,-1.1267587214464845,0.07609951372291585,0.3518897061130199,-1.5128357997922321,-0.7289470060598631,-1.3682943867104962,-0.5040573951479391,0.26667692118458003,1,bot_1,Penyerang Seimbang,-1.3727985126081725,-1.211172530091733
Ahn,oe:player:66d0ff0f8f9b5296770c1dbda549950,LPL,bot,EDward Gaming,43,718.7004023255813,0.28049646511627907,0.24895686046511628,9.035090697674418,0.030858321434237664,0.06438228771729022,0.18633540372670807,484.028111627907,0.7309417040358744,0.3946830265848671,0.42961395348837206,0.3721441860465116,0.25185554153219647,0.46152657390321744,-0.971213767336618,-0.6741786525914731,-0.5469290912977259,-0.4826993920184233,0.9266389963416432,-0.14186986802449314,0.7535523673106261,-0.7296564302148117,0.35396572928245956,0.9452487358328661,1,bot_1,Penyerang Seimbang,-0.5633813210739397,0.4517615214676205
Shaoye,oe:player:6d734e1e86b978852d95cfd63d6a643,LPL,bot,LGD Gaming,55,721.4927436363636,0.27898774545454547,0.2653115090909091,9.28202,0.03343871595330739,0.08169934640522876,0.17159763313609466,477.6142890909091,0.7132530120481928,0.42905405405405406,0.44303454545454546,0.3143690909090909,0.2909573727987259,0.3667296063636789,0.6992044210551659,-0.00988108432084556,-0.319544601179225,0.5136923272366426,0.2927331342559115,-0.31861444429691615,0.20234919316506636,-0.022635428247941843,0.6191288346562409,-0.13208528370397085,1,bot_1,Penyerang Seimbang,0.18272784357960137,0.16817037217951794
Hope,oe:player:7cf68f44e5dc31827b1d3f0a3b4a28e,LPL,bot,Anyone's Legend,93,792.2005677419354,0.27520105376344084,0.2612267311827957,9.339652688172043,0.03226258450975584,0.061109114081239174,0.1506849315068493,463.2546978494624,0.7426900584795322,0.43622047244094486,0.4826451612903226,0.3841892473118279,1.2810961487154005,0.12880144884804592,0.2819966002467997,0.14516432440552796,-0.4231853610040911,-0.6710317852623652,-0.6067709035713392,-0.7143191671473627,1.1196467209711976,0.12477966758984313,1.401752576385074,1.169853372790457,1,bot_1,Penyerang Seimbang,1.6639537763509313,-0.3473523660333161
Taeyoon,oe:player:952237fce714ed1eca8ded17523bee9,LPL,bot,Team WE,104,753.8770759615384,0.289472375,0.25404550000000004,8.9879,0.02251400908518187,0.08240937954097578,0.15834767641996558,503.3491201923077,0.7044534412955465,0.4224137931034483,0.4424644230769231,0.4132230769230769,0.7444430170387757,1.0255074508457216,-0.4514743203005149,-0.8011326649944912,-1.2822303000305646,0.5545463284619084,-0.27717838547462115,0.3905557568150213,-0.07185713782621453,-0.1592273283541456,0.6078643971057609,1.7112481084154814,1,bot_1,Penyerang Seimbang,-0.16679312179100073,0.8826322604832808
JackeyLove,oe:player:c54e1090ef1faa736b12493051c4855,LPL,bot,Top Esports,98,791.3868663265306,0.2692248673469388,0.25335802040816324,9.327346938775511,0.03076923076923077,0.0748009204668824,0.1700921332388377,503.57813775510203,0.7220259128386337,0.4078303425774878,0.38127755102040817,0.43377959183673465,1.2697016908374767,-0.2466986285383701,-0.5216915680462865,0.11205898079958587,-0.5547797650172678,0.11676958159450077,0.22797807484085444,0.3968667533949138,0.4757244526541599,-0.45921271029369704,-0.6010614866039586,2.094566089751972,1,bot_1,Penyerang Seimbang,0.21183273198896607,1.1655005693595024
Zven,oe:player:10fcffece0ac7be85f09c4b51a75762,LTA N,bot,Cloud9,43,792.2485372093024,0.29780093023255816,0.24903723255813953,9.275441860465117,0.02871391869427233,0.056910664309050674,0.1694560669456067,506.26903255813954,0.7363770250368189,0.384,0.36705348837209306,0.30911860465116275,1.2817678767780436,1.5488132710435334,-0.9630047859578666,-0.027577817983526084,-0.7358939647045735,-0.9126028662468421,0.20061938110388675,0.4710192668162072,0.9229242004742648,-0.9494090741194108,-0.8820995087988818,-0.2299912663998421,1,bot_1,Penyerang Seimbang,0.031199007660531394,0.9804609845306145
Bvoy,oe:player:494fc60dffbb5da1caa2226baef0ec7,LTA N,bot,Shopify Rebellion,45,734.4101533333333,0.2981656222222222,0.26190973333333334,9.08554,0.02376405686399321,0.06311112065171892,0.1478129713423831,475.69068444444446,0.7156488549618321,0.4106666666666667,0.4020755555555555,0.29630666666666666,0.471842987469534,1.5717278625232967,0.35175653462835815,-0.5384582316442429,-1.1720760291591263,-0.5558400079133842,-0.7303006038566285,-0.37162287822128137,0.2770068456173655,-0.40086878382156055,-0.19013598629682826,-0.4688958777044779,1,bot_1,Penyerang Seimbang,0.3159353768446723,-0.2783508711554305
FBI,oe:player:73d2b65353d7b00e0f198ffdc085edc,LTA N,bot,100 Thieves,48,796.1085708333334,0.2835424375,0.2488600625,8.828089583333332,0.023074745186862967,0.06869990631830956,0.16224188790560473,510.81979791666663,0.7105606258148631,0.42018348623853213,0.44370833333333337,0.2199354166666667,1.3358208619439955,0.6529133189093353,-0.9811004414700221,-1.2310600578804387,-1.2328182075658205,-0.23427155571653926,-0.10967927332800592,0.5964239050593741,0.11845085637054151,-0.20510532242168542,0.6324414878352466,-1.8929929829338532,1,bot_1,Penyerang Seimbang,-1.067785908204992,0.1359703273079594
Hena,oe:player:9712524dc88851032bd53054f8b49b4,LTA N,bot,LYON,33,688.6243575757576,0.27833575757575757,0.25524078787878784,9.09588787878788,0.03683168316831683,0.06690676752912102,0.15481171548117154,431.13107575757573,0.704225352112676,0.39,0.4832969696969697,0.2743060606060606,-0.16930659306471504,0.3257634313019649,-0.3293909506864154,-0.5106200178283558,-0.020556165700819296,-0.33744546493629335,-0.4292683066351066,-1.5995441546200444,-0.07896470019849516,-0.8259875088023944,1.4146309607105139,-0.8791418721618286,1,bot_1,Penyerang Seimbang,-0.18960619066829254,-1.6706813427836449
Massu,oe:player:c145139d26813639b8fe6f4d0b28228,LTA N,bot,FlyQuest,41,736.6449146341464,0.25731273170731706,0.25572346341463414,9.314856097560977,0.04133246030446882,0.0553806471190684,0.18024691358024691,520.5784341463415,0.6788218793828892,0.48140495867768596,0.33657317073170734,0.2924536585365854,0.5031368908931401,-0.9951705708064568,-0.2800918179066475,0.07845569691904841,0.3760525337355293,-1.0006372424009211,0.6647588448381924,0.8653409222454959,-0.8705707054774584,1.054236337487137,-1.4843274655593026,-0.5407430417154635,1,bot_1,Penyerang Seimbang,-0.07781405365227205,0.5264549937836935
Morttheus,oe:player:1999dbe32608051613a2d3ed9c1b0d4,LTA S,bot,Vivo Keyd Stars,41,742.1016487804878,0.2788603902439024,0.25892929268292686,9.633673170731706,0.043402249923989056,0.054324552495381186,0.14741035856573706,420.55956341463417,0.6784140969162996,0.42424242424242425,0.40497073170731707,0.4155609756097561,0.5795488599574726,0.358727531441789,0.04734264070895445,0.9361481798922744,0.5584424953514946,-1.0614029854034934,-0.7476179177405273,-1.8908614554704768,-0.8832777496219099,-0.12161190876083691,-0.13293330098010167,1.7548429788938271,1,bot_1,Penyerang Seimbang,1.90699430329082,-1.0252842656667605
ceo,oe:player:219d2d945cfbd391d0ade5e352a1bc5,LTA S,bot,Leviatan,38,658.6663,0.2741662105263158,0.2619176052631579,9.483026315789473,0.029343114371457153,0.059461673647907616,0.13940520446096655,442.2139105263158,0.6520787746170679,0.4597315436241611,0.564171052631579,0.26193684210526313,-0.5888165247041538,0.06377942835847941,0.3525605515814294,0.5308729109661382,-0.6804492111275061,-0.7658224789545253,-1.0919382532155333,-1.294136431877671,-1.7039214271528356,0.6084085355418997,3.0125353623382063,-1.109791079303722,1,bot_1,Penyerang Seimbang,0.7915690206007722,-2.684911955250741
Rabelo,oe:player:3ace2e5d36ad46eb2aec2ad1c43d3c5,LTA S,bot,RED Canids,27,698.1012444444444,0.2630548888888889,0.2566332962962963,8.939337037037037,0.05228088159917991,0.06527714154832799,0.1676470588235294,499.26283333333333,0.6866359447004609,0.4597315436241611,0.39491481481481483,0.332262962962963,-0.03659945234359391,-0.6343751879697824,-0.1871640254055929,-0.931778391931253,1.3408279490072694,-0.4312111477815006,0.12280972555965776,0.2779506706513737,-0.6270740348912038,0.6084085355418997,-0.33161739459664,0.2015823123254786,1,bot_1,Penyerang Seimbang,-0.024985975043326093,0.2713242383251486
Route,oe:player:9405c3aff9112c3c60d03b94792877d,LTA S,bot,LOUD,47,720.9882319148936,0.27916517021276593,0.2525791063829787,9.197804255319149,0.04056865464632455,0.05023314963967783,0.12153846153846154,464.5489914893617,0.7357594936708861,0.36774193548387096,0.5031425531914894,0.2945127659574468,0.2838925730449387,0.3778776873971095,-0.6012476737525096,-0.23644113156799432,0.3087459421103953,-1.2968147836206332,-1.8604285079198772,-0.6786525456222884,0.9036811015908855,-1.2838417027203584,1.806738593564948,-0.5023468007556121,1,bot_1,Penyerang Seimbang,0.8629574665323722,-1.7341857269803471
Ayu,oe:player:d7a904873d10637ef44afa9c1de83b3,LTA S,bot,FURIA,40,653.8732474999999,0.257710925,0.2551606,9.411127500000001,0.03239688210457941,0.04942840485665763,0.13569937369519833,418.48366,0.7109090909090909,0.3938618925831202,0.39782,0.26332,-0.6559347990293345,-0.9701510011684824,-0.3375811169370372,0.33744828278042005,-0.411351050437462,-1.3431183189013405,-1.2513346715458824,-1.9480667596842305,0.12930949228048116,-0.7465473708532493,-0.27421695150655373,-1.0839992904568727,1,bot_1,Penyerang Seimbang,0.05793548984556772,-2.991049421813984
Diable,oe:player:178ec186b0d43d2669342596c2808cd,LCK,bot,BNK FEARX,75,763.59242,0.27413013333333336,0.27314772,9.610397333333333,0.0498923029583718,0.08621357582075465,0.1687344913151365,566.6739786666667,0.7310098302055407,0.4669926650366748,0.42540666666666666,0.31940666666666667,0.8804893312272742,0.061512600014674707,1.4995731437421043,0.8735307341797582,1.130346283380457,0.7734327883335654,0.1695827314776129,2.1355877114722093,0.7556752693877584,0.7577716973234576,0.2708384542968625,-0.03814944981703866,2,bot_2,Poros Serangan Utama,1.3439409496813217,2.2298140017758667
Aiming,oe:player:85104684d1eb7f4c0ce393441a0b669,LCK,bot,Dplus Kia,77,730.8887883116882,0.2733455974025974,0.2674258051948052,9.815568831168832,0.04535502033156084,0.05049920974519101,0.12669245647969052,466.50654545454546,0.7419354838709677,0.4107551487414188,0.4329675324675325,0.3728025974025974,0.4225324607181864,0.012218069661619216,0.915152727154752,1.4254900432084485,0.7305207183374458,-1.2815061743045426,-1.6387431731999755,-0.6247085763105413,1.096133172334588,-0.39904868446016045,0.42022550519038987,0.9575261531365233,2,bot_2,Poros Serangan Utama,2.645506946856216,-0.9525908979001928
Viper,oe:player:9573154ad8bc9459b4c0d940315054f,LCK,bot,Hanwha Life Esports,70,773.1022614285715,0.27585754285714287,0.26095354285714284,9.618234285714285,0.06050435413642961,0.06261539696556154,0.14696813977389517,500.2132971428572,0.6999147485080989,0.46163215590742995,0.4541442857142857,0.3920014285714286,1.0136579426271766,0.17005044750842183,0.2540939067393912,0.8946139687747957,2.065480747665415,-0.5843630374201123,-0.7666387786468293,0.30414243419137293,-0.2132888430452846,0.6475046260521985,0.8386342957114591,1.3155273629022404,2,bot_2,Poros Serangan Utama,2.424966042028921,0.6635137772322859
Ruler,oe:player:eada4723af6f51cf2391d85b5fde49b,LCK,bot,Gen.G,70,787.61894,0.2723371,0.2624154142857143,9.88408142857143,0.04210720716561245,0.05345842503255481,0.16883116883116883,486.08414285714287,0.6887470071827614,0.507531865585168,0.4265985714285714,0.3882485714285714,1.2169385064531721,-0.051148570253367824,0.40340537647802444,1.6098049520581084,0.4443232646993989,-1.111238367227353,0.1737410567662304,-0.0852121781183645,-0.5612905195315604,1.5916736287227045,0.29438802414989557,1.2455477175058072,2,bot_2,Poros Serangan Utama,2.45845678043463,0.405557179386869
Betty,oe:player:7e754adda86a60e0a39d7204ba60424,LCP,bot,PSG Talon,47,719.3018340425531,0.27295029787234043,0.2680968510638298,9.592840425531914,0.043943156732891835,0.05362817796610169,0.147005444646098,467.85894042553196,0.7297297297297297,0.4880174291938998,0.3587744680851064,0.38846170212765957,0.2602775354426691,-0.012619676997760513,0.9836914802953162,0.8262985464685718,0.606107229575285,-1.1014710955241522,-0.7650342091477769,-0.5874408666536031,0.7157856356045701,1.1902565811077586,-1.0456758051562371,1.2495219723675122,2,bot_2,Poros Serangan Utama,2.3645079271284892,-0.1853093675748501
Doggo,oe:player:95082306f78780da5686f118c993366,LCP,bot,CTBC Flying Oyster,45,754.771751111111,0.27206746666666665,0.2619075777777778,9.641417777777777,0.05088004733027659,0.0561877667140825,0.18202764976958524,472.26558444444447,0.6937062937062937,0.5060483870967742,0.45474666666666663,0.38408,0.7569713697161018,-0.0680903673253361,0.3515363721969623,0.9569829839413017,1.2173863653187649,-0.9541970648042088,0.7413524586625742,-0.46600775474361,-0.4067525539673487,1.5611580891974237,0.8505360958968708,1.1678162347243883,2,bot_2,Poros Serangan Utama,2.1361473593368268,0.39809388356077385
Slayder,oe:player:c26c01acba9788db20a72aa23d01d23,LCP,bot,Chiefs Esports Club,14,640.5154142857143,0.2757505714285714,0.2818848571428571,9.530478571428572,0.03900709219858156,0.06560343852505372,0.14720812182741116,513.4174785714287,0.7597402597402597,0.5555555555555556,0.3270642857142857,0.26162857142857143,-0.8429877708184867,0.16332914115897362,2.3919599587596263,0.6585305754601104,0.1711409835104025,-0.41243661964215034,-0.7563165912044455,0.6680077326393447,1.6509536746610731,2.579533460130092,-1.6722033421388862,-1.115539412325687,2,bot_2,Poros Serangan Utama,1.9606954809532522,0.16951949969182095
Supa,oe:player:1223a0ed2bfab9b714c72d965df8133,LEC,bot,Movistar KOI,41,691.7599341463415,0.26482363414634147,0.26712729268292684,9.916517073170732,0.055940485741375535,0.052785075562197206,0.15665236051502146,477.53649268292685,0.67430441898527,0.5024271844660194,0.32704146341463414,0.3873268292682927,-0.12539835537442093,-0.5232401036932375,0.8846634919095689,1.6970644211842043,1.6633124434359372,-1.1499816577895314,-0.35009787378011303,-0.320758266188623,-1.011340781183372,1.486669006361114,-1.6726542635187056,1.228359962398738,2,bot_2,Poros Serangan Utama,2.3590054567698506,-0.02454895406314422
Ice,oe:player:8bac58409e91b96ecd05f6d8f053e07,LEC,bot,Team BDS,39,724.1435897435897,0.2796663846153846,0.28313038461538464,9.983220512820512,0.045058997050147494,0.056858739262067096,0.13774597495527727,495.07101538461535,0.7213740458015268,0.5026455026455027,0.4235564102564102,0.3384128205128205,0.3280778124806696,0.40937035410021133,2.5191746603320233,1.8765122726028691,0.7044351324280301,-0.9155905379853692,-1.1633055813833324,0.16243748286303783,0.45541140857919726,1.4911598682692782,0.23428121921230374,0.3162588998413976,2,bot_2,Poros Serangan Utama,3.4787571549679086,-0.07362276652973056
Noah,oe:player:95d286ec0a5d750d09e848a4e630c56,LEC,bot,GiantX,40,768.86717,0.293400325,0.269585075,9.603950000000001,0.054970224461749886,0.062350999449844124,0.160075329566855,491.02565999999996,0.7078853046594982,0.4911392405063291,0.41115250000000003,0.31809,0.9543529322407717,1.2723112528317522,1.135694521648228,0.8561858997885949,1.5778129724368513,-0.5995759843760484,-0.20286799702539518,0.050960338118107074,0.03508429010759414,1.254473054241825,-0.010794360960127978,-0.06270137463890608,2,bot_2,Poros Serangan Utama,2.518248101328955,0.9431995746489248
Caliste,oe:player:e2af2b779499aa25ab9a9c10c9a5ffd,LEC,bot,Karmine Corp,44,785.140925,0.27994675,0.27046545454545456,10.036559090909092,0.06843822210140002,0.05128146687787034,0.13863216266173753,519.4542068181818,0.7047075606276747,0.45546558704453444,0.4401090909090909,0.32234090909090907,1.1822382625998227,0.42698647519858485,1.225614032550841,2.020005521016692,2.7646135773742184,-1.236496537080597,-1.1251885827111412,0.8343607880738279,-0.06393844137436075,0.5206566957699088,0.5613279109818021,0.016565461126605976,2,bot_2,Poros Serangan Utama,3.48938850652585,0.686949666135784
Upset,oe:player:fe4329cec43193c425eb28a4a4b304a,LEC,bot,Fnatic,39,725.8353076923078,0.2700937948717949,0.26643643589743593,9.7517,0.061046032007919485,0.03124040425617132,0.09006928406466513,443.41134102564104,0.7456556082148499,0.4957627118644068,0.4630948717948718,0.2597,0.35176734840018853,-0.19210154436346935,0.8141013070248444,1.2536679514835838,2.1132134279617616,-2.3896224345658035,-3.2139911755570805,-1.2611390508310194,1.212057195885453,1.3495790662772145,1.0154793414460745,-1.1515015445240822,2,bot_2,Poros Serangan Utama,3.996562824589072,-2.600516989141641
GALA,oe:player:867e8957fae1cb59f0808dbcc3aada2,LPL,bot,Invictus Gaming,96,785.9600864583334,0.27496884375,0.26821671875,9.250429166666667,0.03418284789644013,0.06461917868087387,0.14577464788732394,473.482990625,0.7135802469135802,0.4835640138408305,0.31200833333333333,0.3211864583333333,1.1937091787804894,0.11421106094177927,0.9959344313828379,-0.09486781358032173,-0.25397165827469265,-0.4690691215010923,-0.817973646332388,-0.4324599073729478,0.21254626690111547,1.0986486654606509,-1.9696777827414809,-0.004961618526974271,2,bot_2,Poros Serangan Utama,1.298408339046496,0.1407513370541629
Leave,oe:player:a52945dbe283de2f7e9d63ca3417f36,LPL,bot,Ninjas in Pyjamas,84,813.9662178571429,0.30704863095238094,0.2720229880952381,9.54595238095238,0.05694991558806978,0.09103507598203192,0.1972049689440994,504.64594047619045,0.7182779456193353,0.4332281808622503,0.3455809523809524,0.40793095238095234,1.5858858156965951,2.129871506836048,1.3846961644950078,0.7001587416669514,1.752263450464008,1.0508530432195604,1.3941643297876667,0.4262920046226551,0.358932808065094,0.06322744916860815,-1.3063523538307686,1.612565695322165,2,bot_2,Poros Serangan Utama,1.7647793803187766,3.4727459691700027
Elk,oe:player:a58a0d41103cdc5b58cbb547eeaca2d,LPL,bot,Bilibili Gaming,98,796.6526255102041,0.27918564285714287,0.25755244897959184,9.241692857142858,0.04755991139155535,0.07330330796707563,0.16584680252986647,501.2337775510204,0.6844170403587444,0.4258804258804259,0.39561326530612245,0.3849265306122449,1.3434393912737088,0.3791640394303419,-0.09328433436382988,-0.11837052920648619,0.9248158254377508,0.03059971173665452,0.04537650655321614,0.33226363278935306,-0.6962180460555801,-0.08791778773517016,-0.3178174592665311,1.1836015177253352,2,bot_2,Poros Serangan Utama,0.7255282348612584,1.2781286708826194
1xn,oe:player:d2b317a92a71a850ae3da1e0d83e883,LPL,bot,ThunderTalk Gaming,87,712.0502379310345,0.28575137931034483,0.26832524137931035,9.442052873563219,0.037229102167182664,0.08823583253498007,0.16678200692041523,485.94609195402296,0.7318640955004592,0.45420326223337515,0.3572609195402299,0.3463045977011494,0.1587316798301316,0.7917071521197894,1.0070186300103874,0.42064476963890945,0.014464415746195794,0.8897897217235071,0.08560182705011332,-0.08901642250386219,0.782295312432738,0.4946903450812778,-1.07558039008848,0.4634171177442655,2,bot_2,Poros Serangan Utama,0.7275665833127983,0.9914036638094925
JiaQi,oe:player:d971df9441d60af93a87545e6a8f884,LPL,bot,FunPlus Phoenix,63,713.1726634920635,0.3077108095238095,0.26570995238095235,9.307050793650793,0.03619862837106173,0.09088067703700141,0.17387304507819687,541.3936952380952,0.750354609929078,0.4612476370510397,0.38809841269841266,0.37890634920634925,0.17444927664651072,2.1714779908855526,0.7399003072193739,0.057457604111449775,-0.07634098512557054,1.041969211787074,0.39060390513608395,1.438943400399482,1.3584843405268825,0.6395949728605997,-0.46629538474918414,1.0713430053520046,2,bot_2,Poros Serangan Utama,0.779942753099494,2.6067713550902814
Rahel,oe:player:e2c655411d8d95ef73d8026704f5e7a,LTA N,bot,Disguised,17,703.4018117647058,0.2822090588235294,0.2691020588235294,9.9068,0.04863329783457579,0.06710816777041943,0.15966386554621848,468.0637235294118,0.6904761904761905,0.42758620689655175,0.4951235294117647,0.28601764705882354,0.03762567485465591,0.569133503270123,1.086360596785329,1.6709232219938632,1.0194026908347158,-0.3258572653290769,-0.22056602354271518,-0.58179769478313,-0.5074068677227471,-0.052829427218786536,1.6482992897803268,-0.6607555505418045,2,bot_2,Poros Serangan Utama,1.7508628221427347,-0.6182734130491913
Yeon,oe:player:f6b8af05a5af22004a67a78f3046b92,LTA N,bot,Team Liquid,36,760.512061111111,0.27657186111111115,0.26627455555555557,9.084327777777778,0.038497303328993863,0.0765509989484753,0.175,533.646163888889,0.691743119266055,0.4960212201591512,0.4142138888888889,0.3250194444444444,0.8373543200993027,0.21493300989017175,0.7975673004798444,-0.5417193929031191,0.12621836360766148,0.2174658798821645,0.43907686289079084,1.2254460456513852,-0.467927681196346,1.3548966493413452,0.04969234384250793,0.06651219426537526,2,bot_2,Poros Serangan Utama,0.46083432592472673,1.4869998763648287
Brance,oe:player:166969943c4ca12527dd5449aab5e8e,LTA S,bot,RED Canids,24,837.2575833333334,0.2940250833333333,0.268544,9.357829166666667,0.04893238434163701,0.06534265291170821,0.15895953757225434,517.7216125,0.7506849315068493,0.46715328467153283,0.4243625,0.3664416666666666,1.912040444180007,1.311566521353275,1.0293620252876907,0.19406330216954165,1.0457582083367283,-0.42744174437613913,-0.25086081126394605,0.7866159920722874,1.3687776003271626,0.7610756851159286,0.2502078832640058,0.8389136772689211,2,bot_2,Poros Serangan Utama,2.50772823963385,1.9187571764242506
TitaN,oe:player:1c010180887360e5d6ab967fd93693d,LTA S,bot,paiN Gaming,46,761.1858239130435,0.2882475652173913,0.2754532391304348,9.827554347826087,0.04484769928710305,0.07908835785355899,0.1952755905511811,509.5207586956522,0.7310549777117384,0.4715447154471545,0.4553,0.4036478260869565,0.8467891837003588,0.9485493146531763,1.7350524363445656,1.4577338858585343,0.685815563304793,0.3634608463116774,1.3111772683503407,0.5606265103926173,0.7570821257419931,0.8514085618340191,0.861468816699598,1.5326981043555208,2,bot_2,Poros Serangan Utama,2.2333481819644057,2.0946196108522956
HamBak,oe:player:845ea84cec22236278388f19fcd20bf,LCK,jng,HANJIN BRION,18,378.87423333333334,0.15629581666666667,0.18081422222222224,6.376883333333334,0.9047879616963064,0.09515570934256055,0.21912350597609562,1206.447238888889,0.7512953367875648,0.2,0.2972944444444445,0.36407222222222224,-0.7187433452991052,-0.40386400682125245,-1.4033220055125266,-0.25549643635576064,0.9884025810706362,0.20167393880528067,0.5681712580898884,0.42839225891347943,0.502447465842667,-1.8702516799819304,-0.4973389182939844,0.44334903752141663,0,jng_0,Fasilitator Bersumber Daya Rendah,-1.8451760358227822,0.6859616523825446
Peanut,oe:player:dda4a873265dfd06df50a0d8a294908,LCK,jng,Hanwha Life Esports,70,414.33110714285715,0.14751985142857144,0.18621124285714286,6.407172857142857,0.8901121585357462,0.08888759149656637,0.20863309352517986,1251.0641328571428,0.6965046888320545,0.2484700122399021,0.31011285714285713,0.4025228571428571,-0.015400573820591653,-1.0596436562462281,-0.8763250498625434,-0.1811989431915741,-0.35439073933572257,-0.1302811407678781,0.12103860920046595,1.01211377133043,-1.2747406872671174,-0.7613708342251985,-0.23669837396968021,1.3132760314694638,0,jng_0,Fasilitator Bersumber Daya Rendah,-1.0217479332893156,-0.09898207953107613
Courage,oe:player:4e07c3a412cda9ddf875cc14c65efc4,LCP,jng,Fukuoka SoftBank HAWKS gaming,32,365.724540625,0.1492766,0.1815075,5.45339375,0.8947368421052632,0.12191640497741356,0.2119089316987741,1148.165996875,0.7232876712328767,0.2537878787878788,0.32771875,0.3116125,-0.9795881497016228,-0.928371490616126,-1.3356262705833912,-2.520733798170368,0.0687543613582669,1.6189014171587497,0.2606645969054976,-0.3340995173650693,-0.4060085075283639,-0.6397104491162521,0.12128740832373436,-0.7435267722103052,0,jng_0,Fasilitator Bersumber Daya Rendah,-3.1665158908294577,0.9324321149050446
Whynot,oe:player:e35edef8a2cb6212af8fe231b48ea5e,LCP,jng,Chiefs Esports Club,14,359.6411357142857,0.16017285714285714,0.18470871428571428,5.688792857142857,0.905562224889956,0.12215812690872073,0.27411167512690354,1041.6100428571428,0.7142857142857143,0.23636363636363636,0.28759999999999997,0.3549357142857143,-1.1002620391401916,-0.1141540802998868,-1.0230408096275834,-1.9433208396905437,1.059245412178047,1.6317028393580675,2.9119309381808334,-1.7281679319120549,-0.6979957688268952,-1.0383364816502043,-0.6944589000242215,0.23663997014725446,0,jng_0,Fasilitator Bersumber Daya Rendah,-3.0043786146738136,2.012369141081514
Karsa,oe:player:f3322656ae1facbf4763677fe2506a3,LCP,jng,PSG Talon,47,351.2912978723404,0.13219638936170214,0.18943465957446806,6.454093617021276,0.8952723535457349,0.0880561440677966,0.2413793103448276,1130.4595680851064,0.724960254372019,0.24561403508771928,0.4080914893617021,0.3486446808510638,-1.2658941848476493,-2.204681758558663,-0.5615716124140628,-0.06610651525352967,0.11775210120251974,-0.17431400743686623,1.516779981256652,-0.565752204799874,-0.351756640633332,-0.826708931197397,1.7555298866193156,0.09430838535214468,0,jng_0,Fasilitator Bersumber Daya Rendah,-2.130949830169596,-0.3163162433031467
Sheo,oe:player:404079b4e478ea2a8b57904c640311b,LEC,jng,Team Heretics,41,419.28958780487807,0.1705896536585366,0.19392063414634145,6.550317073170731,0.8940259169778169,0.08432938915250164,0.19597989949748743,1137.343724390244,0.7441860465116279,0.2215909090909091,0.25165121951219516,0.3093658536585366,0.08295867662781228,0.6642358724691407,-0.12353457264364083,0.1699210175811311,0.0037067791578321643,-0.3716803069947174,-0.4182782373950232,-0.4756869901973329,0.27185069564800174,-1.3763020309724683,-1.4254159954605892,-0.7943560576649598,0,jng_0,Fasilitator Bersumber Daya Rendah,-0.41489915423651585,-0.013474188519105496
Yike,oe:player:4203fc46c4c6333e9bfa9d0a8618677,LEC,jng,Karmine Corp,44,463.2493181818182,0.1661219318181818,0.1830355681818182,6.069859090909091,0.8954934398174558,0.08205034700459254,0.22181146025878004,1081.0852068181819,0.7275320970042796,0.29215686274509806,0.27489772727272727,0.3141363636363636,0.9549689605254411,0.3303875739961541,-1.1864166724889693,-1.0085994463668495,0.1379808522734114,-0.4923767642323928,0.6827398819770681,-1.211715522054924,-0.2683364142212003,0.23808242559406267,-0.952737936257943,-0.686425579711185,0,jng_0,Fasilitator Bersumber Daya Rendah,-0.8308423313955265,0.23415639029055546
ISMA,oe:player:5450c7731de19c131ce20ea74933cc2,LEC,jng,GiantX,40,385.23919,0.159879755,0.18547940000000002,6.1771175,0.8891542038456705,0.08914619463585828,0.21052631578947367,1263.8389625,0.743801652892562,0.25,0.30507,0.35578,-0.5924844346482877,-0.1360559925424514,-0.947786506806581,-0.7455041608038687,-0.4420408082970299,-0.1165857017556114,0.20173338549557956,1.1792464920730104,0.2593825133682502,-0.7263682822758069,-0.33923626704490856,0.2557415255566209,0,jng_0,Fasilitator Bersumber Daya Rendah,-1.0109548102276977,0.47607416954427345
113,oe:player:73278a4a86960eeb576a8fd4c9ec699,LEC,jng,Team BDS,30,457.94679333333335,0.17367165333333334,0.17822966666666668,5.759643333333333,0.8873544093178036,0.09488866396761135,0.2347417840375587,1224.16401,0.7330210772833724,0.2364217252396166,0.25814666666666664,0.30872666666666665,0.8497850533710192,0.8945367694568287,-1.6556932676628087,-1.7695309576328362,-0.6067167748307243,0.18753140497472107,1.2338688246430436,0.6601802546327924,-0.09029598052204053,-1.0370075436337,-1.2933421637153493,-0.8088173538062544,0,jng_0,Fasilitator Bersumber Daya Rendah,-1.4264488531295925,1.9652060419963109
Malrang,oe:player:b06f165ee2371a61d3be74d413e1e21,LEC,jng,Rogue,27,327.3644851851852,0.14153542222222223,0.16703144444444445,5.221970370370371,0.8964815944681717,0.08518395176414913,0.18620689655172415,1011.4503518518519,0.7731629392971247,0.19421487603305784,0.3056851851851852,0.29851111111111117,-1.740520087808975,-1.5068271603367758,-2.749153793201433,-3.0883946526027906,0.22839412982919513,-0.32642327661980525,-0.8348327546925581,-2.12274628288742,1.2117445004106842,-2.002601825171069,-0.32672752627493956,-1.0399393509929504,0,jng_0,Fasilitator Bersumber Daya Rendah,-4.940930810081087,-1.440880892287597
Boukada,oe:player:b137ce57a15794ffac86eaeff085326,LEC,jng,Team BDS,28,317.1668928571429,0.13889674642857144,0.17401392857142858,5.666807142857143,0.8882059162504802,0.10141213674281664,0.181640625,1036.9217821428572,0.6938775510204082,0.23039215686274508,0.26815,0.33024285714285717,-1.9428053453571674,-1.704000900200182,-2.0673428225363026,-1.997249830688382,-0.5288063661826613,0.5330099006559297,-1.0294608595477301,-1.7895043090407494,-1.359954466801826,-1.174950006866444,-1.0899414536274046,-0.3220239642874484,0,jng_0,Fasilitator Bersumber Daya Rendah,-4.331505928550426,-1.428219629020293
Lyncas,oe:player:ca9701f085966dfca32e31b1b1e9d55,LEC,jng,Team Vitality,39,382.76109487179485,0.1501583282051282,0.18240964102564103,5.9561,0.8978424746555758,0.07357073519644408,0.1641025641025641,991.8954717948718,0.7195571955719557,0.26666666666666666,0.3605128205128205,0.30025897435897436,-0.6416413429764849,-0.8624847878364581,-1.2475358951263082,-1.2876403230849178,0.35291071032071425,-0.9414509969898911,-1.7769852931337486,-2.3785822039202533,-0.527010127283555,-0.34507381637376566,0.7880988607377768,-1.00039479147698,0,jng_0,Fasilitator Bersumber Daya Rendah,-2.389177999602191,-2.461723747864525
Aki,oe:player:3faae62fb907ad7cbcf2167beb8b2c7,LPL,jng,ThunderTalk Gaming,84,399.67492738095234,0.15441878214285715,0.1918953214285714,6.429711904761906,0.8864831598970572,0.10830260177276776,0.21267605633802816,1135.5996142857143,0.6981605351170569,0.3017964071856287,0.2616178571428571,0.3200976190476191,-0.30612891463265124,-0.5441244805796408,-0.3212980626695972,-0.12591267501072542,-0.6864335637373967,0.897924046099968,0.29336173570560975,-0.4985051314324027,-1.2210316965746446,0.4586127225335306,-1.2227614298558704,-0.5515550629882748,0,jng_0,Fasilitator Bersumber Daya Rendah,-0.8706011575187442,0.368218623918227
iyy,oe:player:b8d0c78f3ecdcf7ca398a77dc8ef5af,LPL,jng,FunPlus Phoenix,18,343.3034888888889,0.15502638888888887,0.189986,5.903288888888889,0.8911065453478133,0.1355460943609349,0.2287390029325513,1171.8532277777776,0.75,0.20155038759689922,0.35780555555555554,0.3220111111111111,-1.424344919637265,-0.4987213678631856,-0.507735478473403,-1.4171812558326695,-0.26340723713584013,2.3407201089939296,0.9780124006231261,-0.02420017167379388,0.46043195262923214,-1.8347824273398805,0.7330512484714752,-0.5082632317305359,0,jng_0,Fasilitator Bersumber Daya Rendah,-2.5471539432878343,1.6806494617286811
eXyu,oe:player:08936c56ab5a6453c58974a619651c3,LTA N,jng,Disguised,37,343.35864054054053,0.1426175243243243,0.18229297297297298,5.9604513513513515,0.9034978570441035,0.11612903225806451,0.21234939759036145,1155.0950513513515,0.7223719676549866,0.22388059701492538,0.31281891891891894,0.3290783783783784,-1.423250900019725,-1.4259676174937657,-1.2589280525288302,-1.2769668473540003,0.8703617562755234,1.312406258839605,0.2794385661628937,-0.2434469013081745,-0.4357102469877709,-1.3239193109282594,-0.18167522633960873,-0.34836973239219615,0,jng_0,Fasilitator Bersumber Daya Rendah,-3.201595170340462,0.6354400259981152
Sheiden,oe:player:5f048688474a6eacfefd74bd53d8715,LTA N,jng,Dignitas,33,349.58854545454545,0.14677982121212121,0.19786272727272727,6.622030303030303,0.9086752025084923,0.08755327602398325,0.197265625,1195.6381939393941,0.7202072538860104,0.3129496402877698,0.29927272727272725,0.26294545454545454,-1.2996709529605774,-1.1149420471059606,0.26139467203111316,0.34582715723453783,1.3440738135277388,-0.20094554270794343,-0.3634767839371139,0.2869778415362573,-0.5059248512797655,0.7137726860592412,-0.45711391342619007,-1.844595106816278,0,jng_0,Fasilitator Bersumber Daya Rendah,-0.9227933063256679,0.012094592269188598
Oddie,oe:player:de23ee5a66222e1e02da354414f2971,LTA N,jng,LYON,33,357.16013636363635,0.14338969393939394,0.18738148484848485,6.330115151515152,0.9010141408370232,0.0849896776721267,0.19665271966527198,1248.4266363636364,0.7417840375586855,0.2120253164556962,0.30792424242424243,0.2875696969696969,-1.149476557281196,-1.3682676260137536,-0.7620557134029697,-0.3702146039568402,0.6431089445442283,-0.33671189487185704,-0.38960063627539593,0.9776074822265892,0.19393919041632168,-1.5951404830652682,-0.28120011884223833,-1.2874835471610377,0,jng_0,Fasilitator Bersumber Daya Rendah,-2.2178502308612726,0.1563312551580121
Yuuji,oe:player:f9e804c44aa43f18576783a067e99ab,LTA N,jng,Team Liquid,15,361.2171933333333,0.13053151333333332,0.19805520000000001,6.396346666666667,0.9064196742254871,0.08536874555371117,0.1693548387096774,1137.2240466666667,0.6636771300448431,0.30405405405405406,0.30387333333333333,0.30012666666666665,-1.0689984613147547,-2.3290887939785883,0.2801888453685431,-0.20775462026187574,1.137699533410217,-0.3166367284683698,-1.5531176931931747,-0.47725273033735394,-2.3395346028185378,0.5102624179470299,-0.36356844129401644,-1.0033881889405853,0,jng_0,Fasilitator Bersumber Daya Rendah,-1.864551214355072,-1.5199067734992386
Wiz,oe:player:3d6241a697bf77c402bad659fb172ab,LTA S,jng,LOUD,10,417.46511,0.14831348,0.1766664,5.92688,0.8723309608540926,0.08146104322690842,0.22794117647058823,1219.93778,0.7151898734177216,0.23008849557522124,0.28972,0.38571,0.04676729431143595,-1.000340154896213,-1.8083398536091215,-1.3593143699900387,-1.9813186297230316,-0.5235858747214234,0.9440066586219632,0.6048886117591944,-0.6686684847393976,-1.181897068972936,-0.6513523183461364,0.93289328085552,0,jng_0,Fasilitator Bersumber Daya Rendah,-1.967718333436117,0.030048206055417404
CarioK,oe:player:5e07433d52dbc7bbc4faaf9492dbd2c,LTA S,jng,paiN Gaming,46,402.2465434782609,0.15236990869565217,0.18677889130434783,6.274565217391304,0.893669079416862,0.07207245514074327,0.17795275590551182,1033.9142086956522,0.7488855869242199,0.22023809523809523,0.32383478260869564,0.3120978260869565,-0.2551168710222548,-0.697225532654437,-0.8208965044126963,-0.5064736246265517,-0.02894282019138415,-1.020798847067549,-1.186648833299133,-1.8288523040526101,0.42428487662540065,-1.4072512571008806,0.04231356040473454,-0.732546504529886,0,jng_0,Fasilitator Bersumber Daya Rendah,-1.7306938577221012,-1.8834148331429652
SCARY,oe:player:6cb75f242bca4309e2f942a4895805f,LTA S,jng,Leviatan,38,302.6574315789474,0.12937046578947367,0.1847997105263158,6.111810526315789,0.8981614291302648,0.08324634310707066,0.19516728624535315,1096.966255263158,0.6914660831509847,0.22151898734177214,0.3218815789473684,0.365471052631579,-2.230623294646455,-2.415847495798978,-1.0141553995066157,-0.9056963269597039,0.38209411741880667,-0.4290376581208134,-0.4529142364703244,-1.0039442320215057,-1.4381727812233713,-1.377947432867903,0.002598497592972033,0.47499689809814194,0,jng_0,Fasilitator Bersumber Daya Rendah,-3.55994025283169,-1.7209339486500355
Aegis,oe:player:778c6c3733d919a3b64885912be15a9,LTA S,jng,RED Canids,18,382.49294444444445,0.13429140555555555,0.18252361111111112,6.242688888888889,0.8668706962509564,0.07539267015706806,0.1951219512195122,1282.1803777777777,0.75,0.2300469483568075,0.23355,0.3018388888888889,-0.6469605277912251,-2.0481327126279583,-1.2364071831682169,-0.5846634077971574,-2.480916965604685,-0.8449626124874254,-0.4548465504080823,1.419206689065423,0.46043195262923214,-1.1828475724402228,-1.7934733998829393,-0.9646499903692669,0,jng_0,Fasilitator Bersumber Daya Rendah,-1.9458555583711394,-0.5151746814539943
Shini,oe:player:99f0996e8f487ec0633f1920bd4631d,LTA S,jng,LOUD,18,396.5679111111111,0.16311944444444446,0.18399566666666667,6.398383333333333,0.9076801683324566,0.09041692247586092,0.23076923076923078,1201.8611777777778,0.6875,0.2922077922077922,0.2727611111111111,0.2626555555555556,-0.36776146142734395,0.10602819426600557,-1.0926669885678995,-0.20275885906417793,1.2530310794068862,-0.04928885577919407,1.0645467628048808,0.3683929561892896,-1.5668165599189916,0.23924757293066104,-0.9961823792227649,-1.851153931068515,0,jng_0,Fasilitator Bersumber Daya Rendah,-1.4583680416395586,1.5662934469160714
Curse,oe:player:9c51ed760409db6fa2a02fe8046f110,LTA S,jng,RED Canids,33,420.59425454545453,0.1583024606060606,0.1813350606060606,6.176727272727272,0.9025609940900137,0.09181544168792025,0.225,1245.865203030303,0.6970873786407767,0.23119777158774374,0.3719909090909091,0.3635909090909091,0.10883879020190895,-0.25391853377125756,-1.352464270989057,-0.7464613534065075,0.784641519834309,0.024775730709146335,0.81864495027173,0.9440963252116622,-1.2558405744989714,-1.156519420688973,1.0214862016810162,0.432459561019007,0,jng_0,Fasilitator Bersumber Daya Rendah,-1.590447148952691,0.9669300673451742
Lucid,oe:player:10b86429ce8048aba673d802632e358,LCK,jng,Dplus Kia,77,425.10018311688316,0.159184987012987,0.189629987012987,6.331948051948052,0.8985675808031341,0.08750626421494931,0.21953578336557059,1187.2353753246755,0.7597623089983022,0.288268156424581,0.415461038961039,0.39525844155844153,0.198220959271241,-0.1879721857581366,-0.5424986882180071,-0.3657186631081032,0.4192558146311637,-0.20343525480209493,0.5857437493618657,0.17704401257364877,0.7770819749627411,0.14911789362217562,1.905377099701633,1.148922146931953,1,jng_1,Penyerbu Agresif,0.08499818160704749,-0.11230540246605969
Sponge,oe:player:3f4027dc08a489bd4d5390913f5dc71,LCK,jng,Kiwoom DRX,76,441.1235342105263,0.17244407236842105,0.19394465789473683,6.251725,0.8836963285625389,0.10998905291522812,0.22567783094098884,1241.228482894737,0.7402985074626866,0.2849462365591398,0.33705921052631577,0.41518684210526313,0.5160692903767634,0.802806390749713,-0.12118875202814203,-0.5624986353256421,-0.9414205283450268,0.9872373035955087,0.8475361254816323,0.883434251959487,0.14575457157697003,0.07312011397040931,0.3112097312428652,1.5997925582443413,1,jng_1,Penyerbu Agresif,0.7071703514128818,1.0925035468823407
Croco,oe:player:5c6f901a83ec448d51703aebba0ca64,LCK,jng,HANJIN BRION,55,448.6809436363636,0.1736612,0.2037516,6.890416363636363,0.901000656167979,0.09502834918701092,0.2206266318537859,1217.83886,0.747675962815405,0.31261101243339257,0.2733909090909091,0.3668072727272727,0.6659823740660115,0.8937556493084816,0.8364189695857194,1.0041541625924797,0.6418751365323301,0.19492903521401395,0.6322389635734055,0.5774285030901803,0.3850495378200021,0.7060256704467822,-0.9833765122148153,0.5052282306495844,1,jng_1,Penyerbu Agresif,1.8438276740849464,0.9611648872068957
GIDEON,oe:player:60b1614a632775c97a37a57bda799f2,LCK,jng,Nongshim RedForce,71,393.844661971831,0.15456779014084507,0.19628161971830987,6.126005633802817,0.8885650224215247,0.11675289592967356,0.20514883346741755,1225.0041690140845,0.7420814479638009,0.3094512195121951,0.4173535211267606,0.36518169014084506,-0.4217813845411876,-0.532989931839878,0.1070059964826427,-0.8708769977383347,-0.4959491956060517,1.3454456368219663,-0.02747094047990687,0.6711720303202954,0.2035859872385079,0.6337369771918404,1.9438574945370095,0.46845021187969454,1,jng_1,Penyerbu Agresif,-0.20532139227838794,0.3818142328241444
Raptor,oe:player:637ed20b1e41be1c51bd1a4cb211357,LCK,jng,BNK FEARX,75,478.191672,0.17450516,0.19571841333333334,6.185239999999999,0.8992040620282695,0.10649912307269692,0.20843672456575682,1202.791668,0.7488829311885612,0.29952267303102625,0.301488,0.36555466666666664,1.251374013135286,0.9568201416934615,0.05201120021212016,-0.7255803946852232,0.47749199621014976,0.802413092078401,0.11266877880558761,0.38056653241786403,0.4241987352467789,0.4065949875285879,-0.41207012344627697,0.4768886251488348,1,jng_1,Penyerbu Agresif,0.8326965107400155,1.0993317172486858
Canyon,oe:player:92544d7a994bd6841cccd9f6e42e3de,LCK,jng,Gen.G,70,461.63348285714284,0.15767162142857144,0.19225442857142858,7.0709,0.9216347713266299,0.06351043657713776,0.20057720057720058,1234.551097142857,0.684756584197925,0.2703962703962704,0.4085685714285714,0.31969,0.9229163294442211,-0.30105767840478487,-0.2862327212822792,1.446864382247986,2.529836681423644,-1.4742372832011204,-0.22232756156293035,0.7960742104278626,-1.6558019295839184,-0.2597491806474346,1.765230536186604,-0.5607772465361712,1,jng_1,Penyerbu Agresif,0.24568262850950684,-0.13407636674858933
Pyosik,oe:player:a2357eb17578485c2ba736db36cbc42,LCK,jng,DN SOOPers,70,356.41346999999996,0.14606795,0.19383024285714284,6.272737142857143,0.8937832791646497,0.09456298801770358,0.19553571428571428,1211.9355914285713,0.7842377260981912,0.29654036243822074,0.37636,0.3837842857142857,-1.1642878571264956,-1.1681362703344362,-0.13236091173834813,-0.510957727977253,-0.0184938752959169,0.17028383743962916,-0.4372107351654322,0.5001962138777207,1.570966021518698,0.3383666760503212,1.1103242083469143,0.8893249277390614,1,jng_1,Penyerbu Agresif,-0.4140348231589337,-0.7773455185295708
Oner,oe:player:f8b68f268106124fc4bc1c946adc9b0,LCK,jng,T1,71,502.8267253521127,0.17513887464788733,0.20240563380281693,6.885057746478873,0.8928046989720999,0.08214389746577339,0.19665271966527198,1289.6610126760563,0.7424892703862661,0.3063583815028902,0.30112535211267605,0.35168591549295775,1.7400489818670741,1.0041741544262224,0.7049908842947873,0.9910099539171717,-0.1080311177665161,-0.4874223980975509,-0.38960063627539593,1.517075615570463,0.21681410562772938,0.562980056179073,-0.4194439492836892,0.16311484629548895,1,jng_1,Penyerbu Agresif,2.4256463194863094,0.5594631981732819
Hizto,oe:player:043e89cd3b06bc1a0555024d475c9d2,LCP,jng,Team Secret Whales,45,412.3578777777778,0.15428593555555556,0.19840402222222223,6.623971111111111,0.9126397763578274,0.08280938506364055,0.22621184919210055,1204.6658777777777,0.7245762711864406,0.3216374269005848,0.4110311111111111,0.29225333333333336,-0.05454267692458623,-0.5540513759221352,0.314249906388902,0.3505877858935953,1.70682079404405,-0.45217864647502437,0.8702975751664854,0.4050867638541767,-0.36421151010225006,0.912528983443493,1.8153020776776059,-1.1815185426565884,1,jng_1,Penyerbu Agresif,0.061972588824526914,0.6253110459898295
Levi,oe:player:145f64f1760a3fc2eac89c8f29c3083,LCP,jng,GAM Esports,48,420.75202708333336,0.17082730833333334,0.19804633333333332,6.640320833333334,0.8982661174441996,0.08808525469735216,0.23166666666666666,1183.3425916666667,0.7452415812591509,0.3025540275049116,0.33956666666666663,0.3112416666666667,0.11196845624779388,0.681994500163551,0.2793230516915883,0.39069219237687086,0.39167279377050995,-0.17277232912322124,1.1027981558655924,0.12611483839174237,0.3060879955977438,0.47594530863338086,0.3621945722420396,-0.7519166967873182,1,jng_1,Penyerbu Agresif,0.6640417097448369,0.9463668496433292
Husha,oe:player:21e6493dca56a03bd0ccbdef211d187,LCP,jng,Chiefs Esports Club,18,329.4901666666667,0.17336194444444444,0.20829899999999998,6.779283333333334,0.8790513833992095,0.11545399879735417,0.24521072796934865,1138.4235166666667,0.7237569060773481,0.2900763358778626,0.27670555555555554,0.36233333333333334,-1.6983538575739736,0.8713939263542001,1.2804539507782586,0.7315547776969493,-1.366419505963804,1.2766569650850452,1.680086421253124,-0.4615600995819062,-0.39078841728051794,0.19048482275581877,-0.9159788336477125,0.4040075185310768,1,jng_1,Penyerbu Agresif,0.5134653286172949,1.0323264265015295
Guwon,oe:player:6427b0c5a7c3106e92a7c11257a08c6,LCP,jng,DetonatioN FocusMe,32,403.18139375,0.167248940625,0.2076445,6.4037,0.885766092475068,0.11477254460697638,0.21024734982332155,1126.713996875,0.7219251336898396,0.362962962962963,0.25825312500000003,0.27535625,-0.2365726478463863,0.4146027480747737,1.2165447069926874,-0.18971755119129854,-0.752043148030249,1.2405676340369876,0.18984302446552234,-0.6147554028527091,-0.4502037428469753,1.8579608755046957,-1.2911775152053735,-1.563806870040432,1,jng_1,Penyerbu Agresif,0.6989534097047784,0.8145877566558631
Mir,oe:player:abfd02e2b6f54ea12bc17037b08ff86,LCP,jng,Chiefs Esports Club,15,331.39490666666666,0.147602,0.21716153333333335,6.414306666666667,0.8872565766996925,0.12631578947368421,0.2013888888888889,1175.7053,0.8064516129032258,0.37,0.3591333333333333,0.34836666666666666,-1.6605703485781493,-1.0535051449929764,2.145844024663325,-0.16370034639411676,-0.6156681749469743,1.8518897027037888,-0.18773098620653442,0.026196375990301637,2.2914951252534324,2.0189518722188904,0.7600493433904011,0.0880184490687325,1,jng_1,Penyerbu Agresif,1.1251410812683953,-0.09589399786349438
Citrus,oe:player:ad173d59265cf2cbe796b2af2554da3,LCP,jng,DetonatioN FocusMe,15,430.96476666666666,0.15895340000000002,0.1974594,6.383346666666666,0.8829385513216615,0.10244859405652838,0.235,1222.6724133333335,0.7395348837209302,0.22641509433962265,0.41979333333333335,0.4037266666666667,0.31455418339107566,-0.20527741043344994,0.22201141611347,-0.239642457693998,-1.0107549427054334,0.5878999455626704,1.2448747586625235,0.6406657392834683,0.12098569006301808,-1.2659359227032236,1.99346691159447,1.3405116389567062,1,jng_1,Penyerbu Agresif,-0.016815495263634753,0.686239018232451
Yohan,oe:player:cc00384e754d3b4db840275587813eb,LCP,jng,Fukuoka SoftBank HAWKS gaming,18,408.5443666666667,0.1595286388888889,0.21498127777777779,6.462033333333333,0.8896415467118262,0.10839455618451163,0.18633540372670807,1233.9636722222222,0.7644444444444445,0.38372093023255816,0.2336222222222222,0.37262222222222224,-0.13018965833535395,-0.1622929697871193,1.9329510012640092,-0.04663110117537335,-0.3974503529562135,0.9027938865875789,-0.8293553958355345,0.788388947456657,0.9289516088626006,2.3328547581010364,-1.7920048842597347,0.6367886468700831,1,jng_1,Penyerbu Agresif,2.093435812014392,-0.010652168164448006
Beichuan,oe:player:05326a1c42e9c27a1067768c88955e7,LPL,jng,Bilibili Gaming,63,474.51144126984127,0.17680006666666667,0.19806006349206348,6.9406952380952385,0.9157099474113028,0.10149768896255351,0.20224719101123595,1373.2121555555555,0.736732570239334,0.2231638418079096,0.29908253968253967,0.26439047619047623,1.1783708573766711,1.1283059040568908,0.2806637454448354,1.1274837452859114,1.987732519147507,0.5375406855914048,-0.1511475912915947,2.6101727621465463,0.030089916666862133,-1.3403169985587549,-0.4609810534689159,-1.8119021919024343,1,jng_1,Penyerbu Agresif,0.7819570210451074,2.676601239092037
Tian,oe:player:0da0eeb199e8fa3ab773cf84f9de9ab,LPL,jng,Weibo Gaming,99,453.7315212121212,0.17381444343434344,0.20420444444444444,6.823569696969697,0.8900202748366749,0.09782775364170712,0.2256011315417256,1248.617003030303,0.7292817679558011,0.32007575757575757,0.34311111111111114,0.3813929292929293,0.7661685114221599,0.9052066889290803,0.8806373744702756,0.8401852672428045,-0.36279783065585997,0.34318351149352644,0.844266968456466,0.9800980437313754,-0.21158412887846548,0.8768016311759576,0.4342648005193422,0.835221646807996,1,jng_1,Penyerbu Agresif,2.032495413057148,0.9649191547084033
milkyway,oe:player:31b62cc3cf89d670fdef677faed2789,LPL,jng,FunPlus Phoenix,40,379.402595,0.16956053499999998,0.19605667499999999,6.520677500000001,0.8789890519450267,0.0985752984850005,0.2085987261146497,1100.0027375,0.7461706783369803,0.2697947214076246,0.2918225,0.3505925,-0.7082624619315329,0.5873354911660904,0.08504106624468412,0.09721779520992332,-1.3721226527975512,0.3827729566885537,0.11957376771994961,-0.9642180241645056,0.33622416630242463,-0.27351121866781103,-0.6086015692998281,0.13837685029390637,1,jng_1,Penyerbu Agresif,-0.04847888941566631,-0.3271926408910403
Kanavi,oe:player:41deab55354f57a94135989133f9968,LPL,jng,Top Esports,98,533.1277102040816,0.1811474581632653,0.20853674489795918,6.987705102040817,0.8965548219018101,0.09786453761083781,0.222537207654146,1191.9242408163266,0.7785630153121319,0.3063540090771558,0.2961520408163265,0.37023979591836736,2.3411165993564595,1.453162577278097,1.3036687661219566,1.2427947375322728,0.23509422710390407,0.345131564433788,0.7136733993037633,0.23838830198683975,1.3869012375158167,0.562880025274968,-0.5205677462679501,0.5828874055227526,1,jng_1,Penyerbu Agresif,3.179021054892533,1.1689347868893942
Weiwei,oe:player:57da8dfcfbdb4e5b019fe93003db1c4,LPL,jng,LNG Esports,16,354.62454375,0.16603722499999998,0.1960239375,6.36165,0.9095695261690926,0.10792778649921507,0.21235521235521235,1083.55160625,0.7697841726618705,0.27102803738317754,0.36046875,0.34934375,-1.1997740185237162,0.3240578990231896,0.08184438348161363,-0.2928624407313486,1.4259018282944325,0.8780740948044711,0.27968640877371725,-1.1794476907803038,1.102150906241619,-0.24529582529659646,0.7872027620771671,0.11012448629693088,1,jng_1,Penyerbu Agresif,-0.6591875988554372,0.14227876422342356
Tarzan,oe:player:62922f2b370657a966de4d84f5586bf,LPL,jng,Anyone's Legend,93,534.9348107526882,0.1852637494623656,0.19619981720430107,6.689518279569892,0.9055377799655427,0.08790562399921571,0.21676067687348913,1235.1417849462366,0.7497076023391813,0.2870514820592824,0.3613279569892473,0.32225913978494625,2.3769632765064324,1.7607504028699121,0.09901831610057822,0.5113691283512442,1.0570087726660011,-0.1822854436112929,0.4674604385234728,0.8038021615981138,0.4509477490617563,0.12128322148458158,0.8046732697471529,-0.5026517031020047,1,jng_1,Penyerbu Agresif,1.9521155368293441,1.519860437462347
xiaofang,oe:player:863519e5df81ff9b308c90f6a59495b,LPL,jng,LNG Esports,29,437.7813827586207,0.16974848275862067,0.21072289655172413,6.725972413793103,0.8995869081665078,0.09589430316806365,0.2088167053364269,1134.4284896551724,0.7875,0.33650793650793653,0.31763793103448273,0.3099,0.44977246800285037,0.6013797942045144,1.517137519357556,0.6007878595695867,0.5125213047628318,0.2407893444407717,0.12886469191307728,-0.5138269205523514,1.6767810601581656,1.2527315645490746,-0.08368883984563191,-0.7822712553693217,1,jng_1,Penyerbu Agresif,1.9090525860764045,0.29779038444643224
Heng,oe:player:92f0831b560a15d8be3be25275adb08,LPL,jng,Oh My God,26,418.1159576923077,0.17537801923076923,0.19533869230769232,6.279292307692307,0.8919683257918553,0.10301140624383313,0.19205298013245034,1113.6640384615384,0.752442996742671,0.2510822510822511,0.35663461538461544,0.3182884615384616,0.05967788034271599,1.0220441147632824,0.014932997617467992,-0.49487849485383334,-0.1845568320672984,0.6177060801969914,-0.5856552462476088,-0.7854876252145837,0.5396729368330716,-0.7016089013730771,0.7092421786041261,-0.5924863754820331,1,jng_1,Penyerbu Agresif,-0.1794888893194999,0.04232444723203517
Monki,oe:player:a23b45071ea855f85e43db4b5a1683d,LPL,jng,Team WE,98,461.4738836734694,0.1732369867346939,0.21429716326530612,6.941997959183674,0.8754277891854894,0.11722462773260112,0.22755227552275523,1295.9597163265307,0.7789473684210526,0.32882882882882886,0.2795377551020408,0.35664285714285715,0.9197504290105389,0.8620565234737226,1.8661500216539246,1.1306792036157125,-1.6979678411937815,1.370428218838685,0.9274305409741772,1.5994813702995383,1.3993681058094614,1.0770514888824971,-0.8583908897424283,0.2752632505435211,1,jng_1,Penyerbu Agresif,3.0563839969314204,1.792485310044616
xiaohuangren,oe:player:a57c46c636a00b1721780dd44f9c42f,LPL,jng,ThunderTalk Gaming,21,402.63460000000003,0.16532916666666667,0.20021004761904765,6.7212,0.8915964472785243,0.12358550540368723,0.21485411140583555,1138.098661904762,0.6556016597510373,0.31645569620253167,0.332452380952381,0.29847619047619045,-0.2474191605315738,0.2711485912709024,0.49060088785361333,0.589081555323948,-0.21858263482850332,1.7072957930196573,0.38619693512722364,-0.4658101648838488,-2.601470365078458,0.7939830691057507,0.21753771458916915,-1.0407294134464324,1,jng_1,Penyerbu Agresif,-0.16290127139051958,1.0484172506110827
Wei,oe:player:b61e517b1a6027160aafaf56e9867c0,LPL,jng,Invictus Gaming,72,467.70759027777774,0.16261773472222224,0.1884856388888889,6.221355555555555,0.9036627505183138,0.10296725128709064,0.23062200956937798,1184.4053902777778,0.7183770883054893,0.2724252491694352,0.38721527777777776,0.33427500000000004,1.043405788566814,0.06853818412742894,-0.6542395946176254,-0.6369921666601249,0.885449029750496,0.6153676649758462,1.0582717564244486,0.14001940138337005,-0.5652880584930182,-0.21333087798900693,1.3310477546516675,-0.23079868485777202,1,jng_1,Penyerbu Agresif,-0.5387627686366515,1.3348103993600964
Shad0w,oe:player:c332dc879e14f1feb266190c7f396fd,LPL,jng,Bilibili Gaming,96,492.92771666666664,0.1833972125,0.19782482291666667,6.52629375,0.8841064348158411,0.10598180801027703,0.21325828642901815,1282.8595010416668,0.7615193026151931,0.28699918233851185,0.3609541666666667,0.3360541666666667,1.5436865997486204,1.6212743541834949,0.25769346694018536,0.1109939542082403,-0.9038969985207127,0.7750164529389925,0.31817811771781124,1.4280916387662457,0.8340717781051205,0.12008672583870002,0.79707288150621,-0.1905459006512026,1,jng_1,Penyerbu Agresif,1.8368486621490907,1.642268193292014
UmTi,oe:player:1970fcb701acce66e0771946bbb3105,LTA N,jng,Team Liquid,21,479.6710142857143,0.17526282857142858,0.19306880952380953,6.677971428571429,0.8851424842288449,0.08754724202267618,0.22426470588235295,1216.0025047619047,0.6739130434782609,0.24423963133640553,0.3302857142857143,0.2999952380952381,1.2807190904477759,1.0134365498801015,-0.20671175746250497,0.48304573546725177,-0.8091014894659715,-0.2012650991415086,0.7873045231841717,0.5534035214839185,-2.0075227582990403,-0.8581520838548534,0.1734822458930125,-1.0063616967200466,1,jng_1,Penyerbu Agresif,0.18130825191870234,1.225555132632857
River,oe:player:7c3395efccd48fe73592001501bef83,LTA N,jng,100 Thieves,48,474.64828958333334,0.17076568333333333,0.1977079791666667,6.706770833333334,0.9034032634032634,0.09430623503695222,0.22271386430678466,1223.8156333333334,0.7196870925684485,0.2753623188405797,0.34272083333333336,0.3391520833333333,1.1810854585736277,0.6773896026053433,0.24628415341295903,0.5536880998664391,0.8617067131624943,0.15668638151265893,0.721203032424277,0.6556224529422022,-0.5227967913967629,-0.14613757329443963,0.42632916801702175,-0.120457036347728,1,jng_1,Penyerbu Agresif,0.8626980092982892,1.2447706631047386
Contractz,oe:player:8a5dbe19794784cfd0553556844f045,LTA N,jng,Shopify Rebellion,45,415.5756177777778,0.17049402222222224,0.19282331111111112,6.306077777777778,0.8963377416073245,0.09273470789640331,0.2171945701357466,1245.4927733333334,0.7194656488549618,0.3076923076923077,0.3008266666666667,0.30984,0.009286248932080009,0.6570898608249733,-0.23068367175756127,-0.42917613211318484,0.2152320113029642,0.07345941772389035,0.4859542627268792,0.9392238384325778,-0.5299795344172299,0.593497176615875,-0.42551720804522586,-0.7836287263121196,1,jng_1,Penyerbu Agresif,0.014984394656400373,1.1933169827564392
Blaber,oe:player:ed455f823b6586e9e3621dfb5aeb42e,LTA N,jng,Cloud9,43,412.66685581395353,0.15237604651162792,0.1970444186046512,7.28566976744186,0.9052927491275689,0.07798868812721758,0.23221757322175732,1241.642793023256,0.6995581737849779,0.28210526315789475,0.29173953488372095,0.34743488372093023,-0.04841361237543061,-0.6967668874000849,0.18149018286392807,1.9736754152880107,1.034589163399972,-0.7074793403110626,1.1262794354073447,0.8888546591935907,-1.1756979220046817,0.008125267830230827,-0.6102885233381837,0.06693731117153907,1,jng_1,Penyerbu Agresif,0.444925048477907,0.5581801652895226
Ganks,oe:player:0cae306fd021751c70ab9f75123b561,LTA S,jng,Fluxo W7M,16,380.17435624999996,0.16814436875,0.1899035,6.46021875,0.9029523531131248,0.09583163696721053,0.21338912133891214,1306.351925,0.7321428571428571,0.25203252032520324,0.309825,0.30358125,-0.692953365607624,0.48151317057152493,-0.5157912655051966,-0.05108211181693976,0.8204497326022951,0.23747058684848463,0.32375469157530545,1.7354423309290756,-0.1187819080988333,-0.6798689571658022,-0.24255145766788327,-0.9252299140326999,1,jng_1,Penyerbu Agresif,-0.6744892392900194,1.5670403325251083
Gryffinn,oe:player:2cbf592923f34b2e6acc4b747385c8a,LTA S,jng,LOUD,19,463.3348315789474,0.17693295789473684,0.20837752631578946,6.806978947368422,0.9037459687422476,0.1126271257669571,0.2392857142857143,1224.1628315789474,0.756,0.3439153439153439,0.2431052631578947,0.3005315789473684,0.956665253042895,1.138236135158675,1.288121723825428,0.7994896421533833,0.8930632552897586,1.126947772500483,1.4275446765442936,0.6601648373847971,0.6550478098338618,1.4221957716166476,-1.5991834320662495,-0.9942272446833422,1,jng_1,Penyerbu Agresif,2.0532890790933216,2.492582684203919
Yampi,oe:player:65d1e475734633e28d4523d92a90837,LTA S,jng,Fluxo W7M,10,372.1402,0.16012439,0.20425290000000002,6.47611,0.8869475847893115,0.11986016314299983,0.2,1270.72861,0.7926829268292683,0.3076923076923077,0.36103999999999997,0.33517,-0.8523234712103517,-0.11777576350955998,0.8853688609680094,-0.012102296694386939,-0.6439400363762884,1.5100043066488236,-0.24692957070525565,1.269383547816539,1.8448943514426543,0.593497176615875,0.7988181558430183,-0.2105497432943741,1,jng_1,Penyerbu Agresif,0.7896133767802548,0.8026563375560453
Cuzz,oe:player:f9fe6d28d5b67bf9ac673b2cc8edf15,LCK,jng,KT Rolster,73,452.63149315068495,0.17684219726027398,0.2025398493150685,6.567084931506849,0.8806260959927259,0.08024114800033964,0.18313953488372092,1193.4752410958904,0.77882797731569,0.28398058252427183,0.30507123287671234,0.47419315068493156,0.7443477274018016,1.1314540917668798,0.7180964792409922,0.2110510745585879,-1.2223378820145183,-0.5881906615100684,-0.9655728522943865,0.25867999305772177,1.3954955387573353,0.05102820160214106,-0.3392111986011826,2.934781713888543,2,jng_2,Pengumpul Sumber Daya Terkendali,2.3200353972085574,-1.3468048055584603
Gury,oe:player:0101bf828e44b2630d500590c4ad461,LCP,jng,MGN Vikings Esports,49,433.6609020408163,0.16295061224489796,0.20758244897959185,7.064010204081633,0.8776709401709402,0.07533350771645304,0.2097902097902098,1078.723306122449,0.7162162162162162,0.3150943396226415,0.45385714285714285,0.41823265306122454,0.3680362623956361,0.09341229189783708,1.2104856790470673,1.4299643290029576,-1.4927260478164361,-0.8480958134202464,0.17035835359342374,-1.2426161994367428,-0.635378054153591,0.7628384053038635,2.68609633966278,1.6687025560772142,2,jng_2,Pengumpul Sumber Daya Terkendali,1.9827723035910012,-1.9614228454609914
JunJia,oe:player:a22a6d1fe8786cf83675e2d932fbffe,LCP,jng,CTBC Flying Oyster,45,443.0861533333333,0.16115105333333332,0.19521453333333333,6.884622222222222,0.8998643997079379,0.0561877667140825,0.18202764976958524,1209.5237533333334,0.7048951048951049,0.2996031746031746,0.37479999999999997,0.3855533333333333,0.5550009226635618,-0.04105885516445276,0.0028093823990174988,0.9899416518638002,0.5379109740180686,-1.8620406903486024,-1.0129647102094492,0.4686422069659255,-1.0025893515314446,0.40843667576598247,1.0786042708856818,0.92934877339377,2,jng_2,Pengumpul Sumber Daya Terkendali,1.0474350232450782,-1.6152450013897885
Razork,oe:player:390ca7b6b38d552363eba1b5b54ff18,LEC,jng,Fnatic,39,474.7518871794872,0.1780905794871795,0.18805158974358976,6.488828205128205,0.8861991514849015,0.07449634861087007,0.21478060046189376,1104.8323564102564,0.7345971563981043,0.25806451612903225,0.25675384615384617,0.3998794871794872,1.1831404795771374,1.2247388344587453,-0.6966227155371697,0.01909432311765531,-0.7124195077167199,-0.8924311664460022,0.38306367957213033,-0.9010322619126944,-0.03917431586606352,-0.5418709600651419,-1.321662791639315,1.2534710661971502,2,jng_2,Pengumpul Sumber Daya Terkendali,0.5868818957230778,-0.4061120546403355
Elyoya,oe:player:8a8f18e4b7d0f30c19c5fb99a526951,LEC,jng,Movistar KOI,41,386.2335512195122,0.1484740195121951,0.18868965853658537,6.419590243902438,0.8852552415679125,0.054231242015956034,0.1609442060085837,1034.4463268292684,0.734860883797054,0.26057906458797325,0.35500975609756097,0.4206682926829268,-0.5727597183707176,-0.9883439194770975,-0.6343179118037503,-0.150740203936091,-0.7987845207747022,-1.9656568519797195,-1.911603929656427,-1.8218906181504055,-0.030620060230237927,-0.48434395536693925,0.676203438239594,1.7238077229703397,2,jng_2,Pengumpul Sumber Daya Terkendali,-0.7308302923122377,-3.8496186656759646
SkewMond,oe:player:ab15060e5225b51592cd04b3aed1e09,LEC,jng,G2 Esports,39,460.95966666666664,0.1886873,0.2014004358974359,7.052953846153846,0.9016356457980823,0.04977745002502041,0.17073170731707318,1132.3432487179489,0.7341549295774648,0.2997601918465228,0.29866666666666664,0.40313589743589745,0.9095501271833402,2.016573518669521,0.6068374267122898,1.4028440717573727,0.6999748415025837,-2.201526519889391,-1.4944314489222146,-0.5411080664451134,-0.05351837449567073,0.4120288641223745,-0.4694371214530869,1.3271457712122372,2,jng_2,Pengumpul Sumber Daya Terkendali,2.5603772552640867,-1.9171289492971983
Junhao,oe:player:211333df928f872c063bce4ef25ea63,LPL,jng,Ultra Prime,67,413.09240149253736,0.17384980447761192,0.20880346268656716,6.892110447761194,0.8928642947733796,0.0829263798028195,0.18575851393188855,1146.8276582089552,0.7700729927007299,0.32385466034755134,0.3516149253731343,0.3652970149253731,-0.03997224558788653,0.9078490253477852,1.3297126655476201,1.00830959945163,-0.102578275219699,-0.44598268798987734,-0.853944158506387,-0.35160896279678455,1.1115190661483698,0.9632541140199684,0.6071753496047972,0.4710593792793812,2,jng_2,Pengumpul Sumber Daya Terkendali,2.1749634282103587,-1.0547913683938366
Climber,oe:player:30b18cd72f0d41ae18f14378d2dab48,LPL,jng,LGD Gaming,42,404.4512142857143,0.16220842380952383,0.19581638095238094,6.294633333333333,0.8994413407821229,0.08795795907718684,0.17276720351390923,1124.698169047619,0.7644151565074135,0.27586206896551724,0.32921190476190476,0.3493833333333333,-0.21138376346623727,0.037952629199519916,0.06157733687950747,-0.4572483308782169,0.49920231231774853,-0.17951381496626406,-1.4076725335264528,-0.6411284190695754,0.9280016260340953,-0.1347044558760877,0.15164816195678565,0.11102004004391504,2,jng_2,Pengumpul Sumber Daya Terkendali,-0.12844409640893098,-1.1349136079559383
Xiaohao,oe:player:58771d428ade54dd5983bbe70ce0383,LPL,jng,EDward Gaming,53,427.8260886792453,0.1683981754716981,0.20954937735849055,6.942556603773585,0.8932079240885633,0.05956798750807252,0.1645367412140575,1123.2385509433961,0.7699115044247787,0.34811165845648606,0.3396830188679245,0.3481603773584906,0.25229357670841335,0.5004787519590164,1.402548177558603,1.1320495088361293,-0.07113719195656643,-1.6830265923030623,-1.7584793704297983,-0.6602245598263572,1.1062810362729132,1.5181976623199538,0.36456039566984527,0.08335125337441847,2,jng_2,Pengumpul Sumber Daya Terkendali,2.4540724203287265,-2.321858361446474
Jiejie,oe:player:88bba3108e62145a9780becd3eb553d,LPL,jng,FunPlus Phoenix,69,480.62775942028986,0.17321496811594203,0.20332413043478262,6.766205797101449,0.882481097013969,0.08834228304174607,0.1950286806883365,1154.5016855072463,0.7607305936073059,0.28811524609843936,0.3071391304347826,0.37451884057971013,1.2996976326104581,0.8604111931090075,0.7946783177073524,0.6994767508219492,-1.0526106818455847,-0.15916029013286234,-0.45882201847123466,-0.2512098892065269,0.8084892314959574,0.14561966195395107,-0.2971640311536038,0.6796987187011903,2,jng_2,Pengumpul Sumber Daya Terkendali,1.9682995322199843,-0.46351325183727893
naiyou,oe:player:a7b51467f09577883d7150f37393964,LPL,jng,Ninjas in Pyjamas,38,459.08548947368416,0.1692238,0.20899215789473685,7.019260526315789,0.8692499433491956,0.06911710184841904,0.19419642857142858,1094.7219526315791,0.7595129375951294,0.3787575150300601,0.38175526315789476,0.46473684210526317,0.8723728794588088,0.5621731353159853,1.3481379796195627,1.3201973713308808,-2.2632227735963277,-1.1773122632834312,-0.4942950845034848,-1.033306377386414,0.7689933700642743,2.2193033931798425,1.2200276762669866,2.7208373118380758,2,jng_2,Pengumpul Sumber Daya Terkendali,3.590763322175671,-2.6147953984693824
Xun,oe:player:fbdc4428b2d095c83aebeed5da4e4b2,LPL,jng,JD Gaming,95,438.4016463157895,0.1646857789473684,0.2001076105263158,6.691768421052632,0.9083268178264269,0.08126455037966972,0.18806646525679757,1098.8807442105262,0.734965034965035,0.33206470028544244,0.2701821052631579,0.3155778947368421,0.4620763696860567,0.22307176307492843,0.48059832539053327,0.5168885241820798,1.3121976280207979,-0.5339919966775326,-0.7555723934072619,-0.9788970293933159,-0.02724181542432677,1.1510806816091252,-1.0486220614081678,-0.6538116366772065,2,jng_2,Pengumpul Sumber Daya Terkendali,0.8013295045601428,-0.6528698623756369
Inspired,oe:player:a8307167f3a1c933295bb9e3d43700e,LTA N,jng,FlyQuest,41,440.0280658536585,0.15255619512195123,0.19810782926829265,7.262024390243902,0.9089485225018273,0.047794257102757656,0.15555555555555556,1161.225012195122,0.6746143057503506,0.2806652806652807,0.2576,0.2836585365853659,0.4943389552568224,-0.6833053718497044,0.2853278778170847,1.9156754195872696,1.3690817982607368,-2.306555011773822,-2.141284274664342,-0.1632488037595557,-1.9847766319310374,-0.02481817349554342,-1.3044576973556097,-1.3759716567335494,2,jng_2,Pengumpul Sumber Daya Terkendali,0.2942687521034985,-1.9893551449382811
Josedeodo,oe:player:52b4f060a577ff87c99118d97fa75f4,LTA S,jng,Isurus,37,420.2647621621622,0.15994820270270269,0.2039945945945946,6.90564054054054,0.883735012716483,0.0709663953245669,0.1528776978417266,1084.107081081081,0.7407407407407407,0.32941176470588235,0.35067297297297295,0.38775405405405405,0.1023027913631266,-0.1309412719089355,0.8601463963000394,1.0414977070661915,-0.9378810407303818,-1.0793749911849009,-2.2554225526906544,-1.172180429891662,0.1600988396591236,1.090387702316272,0.5880223552300688,0.979139013920289,2,jng_2,Pengumpul Sumber Daya Terkendali,1.6514406556763068,-3.0590580700641663
Tatu,oe:player:6625d682ed10ef5e0e7c6c9e4dd2fc1,LTA S,jng,FURIA,40,385.9603975,0.150878325,0.2020711,6.913695,0.8804275953273087,0.06463714481255228,0.17745302713987474,1118.1117625000002,0.74,0.3144963144963145,0.2994425,0.3500375,-0.5781781513423738,-0.8086833844673377,0.6723250288956402,1.061254575823641,-1.2405001157745548,-1.4145676134322618,-1.2079487629016192,-0.7272981823458937,0.1360721906215161,0.7491569850355321,-0.45366187477765507,0.12582024407302866,2,jng_2,Pengumpul Sumber Daya Terkendali,0.7720480648440257,-2.396375782928207
Disamis,oe:player:946b74bfc34e861b344ae03700af039,LTA S,jng,Vivo Keyd Stars,41,444.00013658536585,0.1683521780487805,0.20017953658536586,6.696392682926829,0.8861178547781947,0.062399823812262174,0.1693227091633466,1139.5589219512196,0.7650513950073421,0.29558541266794625,0.27148536585365857,0.3818439024390244,0.573131215735165,0.4970416173468117,0.48762161040560814,0.5282314250196156,-0.7198579200163777,-1.5330545482553906,-1.554487150230801,-0.4467056256156772,0.9486386428757925,0.3165196522931158,-1.0221224816476742,0.8454246958380984,2,jng_2,Pengumpul Sumber Daya Terkendali,1.5534395816088973,-1.9957502520108692
BuLLDoG,oe:player:317aeb74a6dd16bea711bbad361ca44,LCK,mid,DN SOOPers,63,675.8418666666668,0.27428614285714287,0.22968879365079367,8.561434920634921,0.013249846257058199,0.09395791766361157,0.19858870967741934,626.983273015873,0.6883656509695291,0.2676056338028169,0.47030158730158733,0.24213015873015872,0.2567144797925383,0.9816716365203171,-0.3420316074721564,-0.04421043548410395,-0.8537634821475452,0.6879173879627615,0.4079651536304157,0.23348481504533233,0.20018474277825316,-2.0037716103195526,0.8661923381472081,0.0677806479727002,0,mid_0,Fasilitator Utilitas,-0.9070913488716604,-0.07249571699610265
VicLa,oe:player:d709285b163a94af9d819e568c592ba,LCK,mid,BNK FEARX,67,693.9987552238805,0.25144165671641794,0.2236480895522388,8.359725373134328,0.024446572410296852,0.10207761662093295,0.20186046511627906,682.7577522388059,0.6806387225548902,0.30058651026392963,0.4470731343283582,0.21870298507462688,0.5333252845528809,-0.38098695491829765,-1.0431434307250116,-0.6628670936327548,0.18335477721401694,1.1476979465914983,0.5301762707889189,1.2214976009109118,0.010818330636644679,-1.1680192607154034,0.48983076971246914,-0.4403170848512626,0,mid_0,Fasilitator Utilitas,-1.5961684502624103,0.7120341914174897
Faker,oe:player:e1edfc5cea461399a63cb813cf795cc,LCK,mid,T1,71,691.273590140845,0.24215683098591548,0.2212032957746479,8.593573239436619,0.023634881825590873,0.07209437809496068,0.17259414225941422,627.2717718309859,0.6351931330472103,0.31756756756756754,0.41733521126760564,0.2299112676056338,0.49180880421827355,-0.934820710413662,-1.3268974095524235,0.05435993540186394,0.10817037823620174,-0.5501125549345306,-0.5630197453245124,0.2385954054445598,-1.1029318907871315,-0.7377105466031023,0.007998795020245938,-0.19722745626047827,0,mid_0,Fasilitator Utilitas,-0.7113104213524761,-1.0524389851912972
Emo,oe:player:3335a55ba853c9cd5a724876fd305a4,LCP,mid,GAM Esports,15,532.2090333333333,0.19912646666666667,0.21633533333333332,8.452653333333334,0.014965986394557823,0.07563342997604941,0.23121387283236994,568.04232,0.6568265682656826,0.3146067415730337,0.49428666666666665,0.21750666666666665,-1.931457435959879,-3.501553674821559,-1.8918954573086408,-0.3778508313008055,-0.6948027066614623,-0.34971260667833903,1.6266252005545132,-0.8106202308847166,-0.5727540775879256,-0.812739398083698,1.254813229055297,-0.46626330780405273,0,mid_0,Fasilitator Utilitas,-3.646370777902343,-1.3248695720914423
JimieN,oe:player:70e6d96860b77bb3e87663215b42a1f,LCP,mid,Chiefs Esports Club,47,530.3707808510638,0.2454451744680851,0.22366999999999998,8.235212765957447,0.01472926604736798,0.10374085397272509,0.20241286863270777,690.4090021276595,0.673202614379085,0.2977346278317152,0.35531702127659576,0.2579170212765957,-1.9594622616143955,-0.7386731818600871,-1.0406004036659973,-1.0447555783768792,-0.7167293833590057,1.2418792952792634,0.5508104080667857,1.357035087291093,-0.1714208529024885,-1.2402874263697725,-0.99685776100615,0.41017231613511673,0,mid_0,Fasilitator Utilitas,-2.8308553105650236,0.956183096590365
Maple,oe:player:e3aa452243a476669824e52c1b7fc6b,LCP,mid,PSG Talon,12,619.1402166666667,0.25223508333333333,0.22100808333333333,8.567433333333334,0.022634939059779455,0.07932573128408528,0.18285714285714286,483.50668333333334,0.6617647058823529,0.32222222222222224,0.442575,0.22453333333333333,-0.6071058266612308,-0.33365957843209904,-1.3495546608295454,-0.025812902991571567,0.015548759510664313,-0.1406348604518476,-0.17966200606636631,-2.3081203609013814,-0.4517334917936063,-0.6197592068680786,0.41694925268668437,-0.31386620454529,0,mid_0,Fasilitator Utilitas,-1.0710962301183176,-1.954466069148181
Rookie,oe:player:1213778b5c6d69dcb26aa89f7d0aaa9,LPL,mid,Invictus Gaming,96,705.7362937500001,0.24901209375,0.22612804166666667,8.343596875000001,0.018576317075922236,0.07117474753255673,0.16056338028169015,584.9148979166666,0.717283950617284,0.29948364888123924,0.4284729166666667,0.25687604166666667,0.7121406122663693,-0.5259087898519609,-0.7553088140712589,-0.7123342749356627,-0.36038889491585197,-0.6021869305901564,-1.012409343367982,-0.5117322279049331,0.9088951585699397,-1.1959663346192142,0.1884586938170255,0.3875951419741172,0,mid_0,Fasilitator Utilitas,-0.5927430334341462,-1.8540941662735297
Karis,oe:player:498246d6c44175256a07ed5f322c817,LPL,mid,Team WE,104,622.2133913461538,0.2389858076923077,0.22736172115384615,8.253130769230768,0.01709711305103778,0.09345701375480224,0.1795754446356856,606.0650230769231,0.6916329284750338,0.3473170731707317,0.37004711538461543,0.23268942307692309,-0.5602876001471783,-1.123970166788761,-0.61212231454168,-0.9897998652580602,-0.49740300801756815,0.659553543413573,-0.3022445197401711,-0.13706993841109208,0.28025700247671825,0.016157205720644337,-0.758191788370138,-0.13697373051660217,0,mid_0,Fasilitator Utilitas,-1.576477313550805,-0.08257307909482217
Care,oe:player:6bc43cc1537fa4ac6295b4899e972cf,LPL,mid,FunPlus Phoenix,96,596.2962979166667,0.24679140624999998,0.23444360416666665,8.203053125,0.014426815990045107,0.10080399400051938,0.1858147713950762,659.4234635416666,0.7025963808025177,0.3572228443449048,0.34359895833333337,0.31981041666666665,-0.9551211118465812,-0.6583713404269474,0.2098335088481537,-1.1433913457390372,-0.7447444006686657,1.0755786570742516,-0.06918458973274155,0.8081441119486533,0.5489419857629576,0.2671745352090713,-1.1867209668522747,1.752540556404953,0,mid_0,Fasilitator Utilitas,-0.9665899341226922,1.0529620005130793
Scout,oe:player:71e79ef80600d398d90cfebe3b0b758,LPL,mid,JD Gaming,95,666.8325210526316,0.25707190526315793,0.2266456,8.368712631578948,0.02991436280452039,0.08159091403581298,0.18882175226586104,651.2673,0.6958041958041958,0.3135678391959799,0.35933999999999994,0.21602105263157892,0.11946175982294717,-0.04514632769259097,-0.6952386201331296,-0.6353025715555319,0.6898193614684709,-0.012368160361144066,0.04313630293793447,0.6636623709257103,0.38248364232890714,-0.8390657179331961,-0.9316750050186987,-0.4984838878099254,0,mid_0,Fasilitator Utilitas,-0.7387768604032083,-0.023282721288119677
xqw,oe:player:905e2f4e54700b9ed0ddfb13deec4e9,LPL,mid,LGD Gaming,55,666.9065981818181,0.26074163636363634,0.22014287272727273,8.06582909090909,0.01841478784483966,0.10141987829614604,0.21301775147928995,684.7718654545454,0.708433734939759,0.30272108843537415,0.3293418181818182,0.24594,0.12059028656661583,0.1737507217543574,-1.4499749720409443,-1.564266626063132,-0.3753508501055765,1.1104533029179329,0.9469386041484449,1.2571764568510535,0.6919999707800252,-1.1139279534603657,-1.417723850901518,0.1504099800504271,0,mid_0,Fasilitator Utilitas,-2.14503695792771,1.0773064518329358
Doinb,oe:player:9b73925063fe3714ebb4e8c10f551c0,LPL,mid,Ninjas in Pyjamas,84,647.8279630952381,0.2479574226190476,0.22816182142857144,8.34725119047619,0.02592305037957212,0.0799244958424926,0.17313664596273293,694.8332607142858,0.7379154078549849,0.2937563971340839,0.3806630952380952,0.2465619047619048,-0.17006284975673874,-0.5888192299853696,-0.5192590070123536,-0.7011262452299151,0.3201163841804905,-0.1067296252210052,-0.5427553995064425,1.4354082807742692,1.4145171631629567,-1.34109783559989,-0.58618520520543,0.16389809450257906,0,mid_0,Fasilitator Utilitas,-0.9663268413251314,-0.3367590711853397
Xiaohu,oe:player:beea9fe15bff6a7ab0b3913d3d5fde6,LPL,mid,Weibo Gaming,99,661.2351343434343,0.2556029696969697,0.2229379494949495,8.121323232323231,0.021448330743870554,0.08126756963966265,0.18741159830268742,577.5932383838384,0.7009668508287292,0.31527093596059114,0.3561373737373737,0.28765555555555555,0.03418846879033979,-0.1327673692518385,-1.1255655428178895,-1.3940623868513033,-0.09436311421891051,-0.030677640536812007,-0.00953771088291596,-0.6414312108981175,0.509006551130364,-0.7959083711505742,-0.9835659098801401,1.0551533141343892,0,mid_0,Fasilitator Utilitas,-1.1118063488839802,-0.8852397722056596
DARKWINGS,oe:player:05a73863e113f3cb6b472a76da2ea52,LTA N,mid,Disguised,17,659.6912764705883,0.26827464705882353,0.22196811764705882,8.317017647058822,0.008936170212765958,0.07947019867549669,0.18907563025210083,535.1307529411764,0.6571428571428571,0.2971014492753623,0.4171588235294118,0.2753529411764706,0.01066859272248402,0.6230898611844405,-1.2381286751994256,-0.7938545427564633,-1.2533260086644584,-0.1324543480614365,0.05261950328714222,-1.3936296916636899,-0.565002680570016,-1.2563324962094071,0.005140853259087796,0.7883293871113131,0,mid_0,Fasilitator Utilitas,-1.1962943846138692,-1.3441975225389269
Palafox,oe:player:fddde6d256bee26713f64ad9b2a9394,LTA N,mid,Shopify Rebellion,45,599.3278888888889,0.24773475555555555,0.23177033333333333,8.329246666666666,0.013205934902509127,0.08243085146346961,0.19306184012066366,579.5092933333333,0.6755725190839694,0.3107344632768362,0.4311133333333333,0.19290666666666667,-0.9089363916018015,-0.6021011740496289,-0.10043856497439811,-0.7563473226135955,-0.8578308556791349,0.035193565970216084,0.2015179067188791,-0.6074894006849693,-0.11334080776692691,-0.9108649190407914,0.2312403357599119,-0.99979775849175,0,mid_0,Fasilitator Utilitas,-1.7295874552362922,-0.5858036104848535
dyNquedo,oe:player:127d6ec83484da3c8b39b70c70f1226,LTA S,mid,paiN Gaming,10,634.20518,0.24381209999999998,0.2247595,8.177710000000001,0.03216180371352785,0.07897245041528617,0.19078947368421054,645.5024999999999,0.7222222222222222,0.33653846153846156,0.44401,0.26538,-0.37759890325926976,-0.8360850010923934,-0.9141480366949448,-1.221120403256738,0.8979928910937874,-0.16063950299624147,0.11663734459189717,0.56154225815528,1.0299190280594357,-0.2569783492959683,0.4401999982841764,0.5720323264475348,0,mid_0,Fasilitator Utilitas,-1.0404702654897393,-0.3818279614917051
Leza,oe:player:15cf38bf8a684a1b5895ad3daa0e379,LTA S,mid,Isurus,13,626.200823076923,0.2712346923076923,0.22628984615384612,8.478907692307692,0.020316027088036117,0.09993258516080421,0.23595505617977527,497.89091538461537,0.7428571428571429,0.33653846153846156,0.39588461538461545,0.2773846153846154,-0.4995411403944805,0.799654615785224,-0.7365290431760055,-0.2973269583053375,-0.199244914535878,1.0262348519376094,1.8037244136123334,-2.0533119721987467,1.5356259112834092,-0.2569783492959683,-0.33955684803899333,0.8323931343722444,0,mid_0,Fasilitator Utilitas,-0.8208501024625672,-0.028756091126682093
Tutsz,oe:player:886e8205ac1b091dbf67dbae83b1544,LTA S,mid,FURIA,40,623.0527975,0.2475076,0.22677185,8.525715,0.016234639878015964,0.07072064079491014,0.1941544885177453,614.2405074999999,0.6509090909090909,0.33798882681564246,0.35169,0.23720249999999998,-0.5474996816112168,-0.6156508537169241,-0.680585466089904,-0.15376581847493898,-0.5772912417484339,-0.6279008703075841,0.24233201515827263,0.007754060901545551,-0.7177756690684475,-0.22022534821616277,-1.0556249728380787,-0.03909234770907545,0,mid_0,Fasilitator Utilitas,-0.8580886261707449,-0.3583139635181292
Jool,oe:player:990de650e44c3b85ec90451de02db04,LTA S,mid,LOUD,19,615.7917684210526,0.23856063157894736,0.21671273684210526,8.019284210526315,0.01480709071949948,0.0857310957330569,0.18214285714285713,548.3498368421052,0.772,0.26424870466321243,0.43576315789473685,0.16476842105263156,-0.6581177035584811,-1.1493316426466973,-1.848092275126547,-1.7070228838027506,-0.7095207236676139,0.22207095660474577,-0.20634299024886427,-1.159461231581012,2.2498396325135737,-2.0888379189480406,0.30657963049870124,-1.6100710681258856,0,mid_0,Fasilitator Utilitas,-3.4391004345371337,-2.120303063428736
Grevthar,oe:player:dda07addeb137c860725f0c964dcbbf,LTA S,mid,RED Canids,13,664.1881076923078,0.22447807692307692,0.20275684615384615,7.463523076923077,0.01598173515981735,0.08495875960210982,0.22099447513812154,583.8286153846154,0.6635514018691588,0.2605633802816901,0.4757461538461539,0.20323846153846153,0.07917549021165078,-1.989346776846462,-3.4678769568333863,-3.4115794102749226,-0.6007170268871197,0.17833717538914834,1.2448961770256612,-0.5309750975055466,-0.40794633725387297,-2.18222593168149,0.9544085274268814,-0.7757177381039027,0,mid_0,Fasilitator Utilitas,-5.069386967990247,-1.5443919215976238
Roamer,oe:player:ea58943d300b14d684bb05b3975fe15,LTA S,mid,paiN Gaming,36,691.2813861111111,0.2658135,0.22281430555555554,8.482841666666666,0.020864234154059132,0.08745262982551118,0.21739130434782608,586.5813138888889,0.6540642722117203,0.3092485549132948,0.42491666666666666,0.23334166666666667,0.4919275717924864,0.4762840558868051,-1.139916225514531,-0.2852611961224239,-0.14846618240451798,0.31955337693676267,1.1103055770178665,-0.48221262843820745,-0.6404505884059606,-0.948518600185088,0.13083816139118523,-0.12282761566422755,0,mid_0,Fasilitator Utilitas,-0.9552651359313944,-0.06705299522921926
Pungyeon,oe:player:1c3f29080dd3dd4f666adbd6448cef4,LCK,mid,DN SOOPers,10,568.45943,0.2661561,0.2294231,8.82592,0.008611410118406888,0.13357362450969998,0.2346368715083799,717.4821,0.5882352941176471,0.36,0.39871,0.24855,-1.3792013947746462,0.4967199208281774,-0.3728692311821522,0.7669829728482349,-1.2834075359932617,2.9311694986513093,1.754485763498378,1.8366194280779866,-2.253743313236494,0.33754908594907107,-0.29377824252862855,0.20701668396485357,1,mid_1,Penuntas Berisiko Tinggi,-1.581632491682217,3.68861456291698
FATE,oe:player:24cd6812f523cf30c3502344539be6f,LCP,mid,Fukuoka SoftBank HAWKS gaming,50,666.282326,0.26673582,0.2411953,8.458438,0.017114914425427872,0.09831718071172152,0.1702127659574468,671.980284,0.6983050847457627,0.33737864077669905,0.34928600000000004,0.168458,0.11107982280747129,0.5312998380021748,0.9934662937894827,-0.36010887216774823,-0.4957541215333384,0.9347620567127473,-0.6519721941480265,1.0305809564606996,0.44377376184547,-0.23568777585491582,-1.0945760476926913,-1.5300500324773851,1,mid_1,Penuntas Berisiko Tinggi,-0.24929888702258435,1.1952142092851243
Jackies,oe:player:204746c853a12888ad72d8035cdf8c7,LEC,mid,GiantX,40,724.5810475000001,0.279091425,0.244276975,8.59253,0.02616229198833419,0.09022556390977443,0.23163841807909605,650.32491,0.6666666666666666,0.3978494623655914,0.4253875,0.23754749999999997,0.9992306874118154,1.2683035596861338,1.3511396283333204,0.05116025035222217,0.3422765975723674,0.47657165914211863,1.6424833995722288,0.6469684746806162,-0.3315995036974141,1.2966739030410168,0.13846689034738857,-0.0316098523640654,1,mid_1,Penuntas Berisiko Tinggi,1.4312623731590468,2.339609383223175
Kamiloo,oe:player:728ce343a6718cfdd5d223c971cc2fd,LEC,mid,Team Heretics,41,680.1077048780488,0.2847630975609756,0.2338717317073171,8.500682926829269,0.02111243004917755,0.10667307345786534,0.24790619765494137,634.2419268292683,0.6575052854122622,0.38263665594855306,0.49160731707317074,0.2927560975609756,0.3217023182599947,1.6066151021489936,0.14345936833387432,-0.23054085925128845,-0.12547656104529223,1.4079171644153132,2.2501399169387106,0.36206768799590106,-0.5561205300759209,0.911173574627856,1.2114007720761217,1.1657758701128977,1,mid_1,Penuntas Berisiko Tinggi,0.28180481058363105,2.436051458004716
Reeker,oe:player:a8ab1ca5ba5183bdad08a3f2eeeb95d,LEC,mid,SK Gaming,28,601.4615678571429,0.2668995,0.22749850000000002,8.2154,0.014325068870523415,0.12004076856290816,0.2019047619047619,692.4934107142857,0.62890625,0.3105590062111801,0.3727535714285714,0.2081785714285714,-0.8764308962549971,0.5410632424785424,-0.5962471343234823,-1.1055226552346529,-0.754168922984313,2.1648671887057205,0.5318309054669033,1.3939591852521527,-1.2570066307508967,-0.9153110912051248,-0.7143401361409992,-0.6685746967804623,1,mid_1,Penuntas Berisiko Tinggi,-2.3151030394515617,2.057799256883124
SeTab,oe:player:4ff7b91bbc9492e9f96d28dda496653,LPL,mid,ThunderTalk Gaming,87,663.9927908045977,0.2669705402298851,0.2335245057471264,8.29401379310345,0.010247349823321554,0.11313225001372965,0.213840830449827,634.1771379310345,0.6813590449954087,0.3477088948787062,0.4151747126436781,0.26949080459770114,0.07619993846320404,0.545300745523888,0.10315873084887432,-0.8644088996965031,-1.131875479572394,1.7736701092900877,0.9776833839398283,0.3609199899675377,0.02847151296555612,0.02608616905343301,-0.027006921961405608,0.6611890692491175,1,mid_1,Penuntas Berisiko Tinggi,-0.9957015425967348,1.7152954208811084
Linfeng,oe:player:cb6616189a21f8e8ed43ccdb3f6904a,LPL,mid,Oh My God,22,621.7549727272727,0.2560155,0.23168286363636365,8.339445454545455,0.010232711668592177,0.10082176645259305,0.19109947643979058,651.1663227272728,0.676056338028169,0.3802083333333333,0.3757136363636364,0.15582272727272728,-0.5672713706696579,-0.10816020767288424,-0.1105906991828028,-0.7250669588209997,-1.133231366761687,1.0765850278751377,0.12821699465732384,0.6618736166795702,-0.1014836955131573,0.8496386322905982,-0.6663793579129488,-1.8040887842592834,1,mid_1,Penuntas Berisiko Tinggi,-1.4679607462402169,1.469254054720178
Abbedagge,oe:player:da87886941820cfc2eee112d0143e90,LTA N,mid,Disguised,20,609.528755,0.26081455,0.2422709,8.399625,0.030786146234194612,0.1311897106109325,0.19953051643192488,665.9014549999999,0.6211180124223602,0.47,0.47767,0.20744500000000002,-0.7535314732229906,0.17809997226548258,1.1183053630084479,-0.5404922723912249,0.7705699755988752,2.796179609265101,0.4431448171983198,0.9228980007654174,-1.4478755670011667,3.1250055856225387,0.985579856689452,-0.6844846817066016,1,mid_1,Penuntas Berisiko Tinggi,0.10904262826851663,3.6911088251173845
APA,oe:player:ea9ed09584feecae0991089f087d2ce,LTA N,mid,Team Liquid,36,768.4166166666668,0.28280916666666667,0.23362166666666667,8.393655555555556,0.016292869355325354,0.09505783385909569,0.2173076923076923,584.6693361111111,0.673394495412844,0.34332425068119893,0.541988888888889,0.21357222222222222,1.6670429078873281,1.4900644078674132,0.11443567279742863,-0.5588009573135042,-0.5718976246031955,0.7502004954354204,1.1071823848894808,-0.5160822139019223,-0.1667183604020888,-0.08502296701108725,2.02771374008241,-0.551595082414944,1,mid_1,Penuntas Berisiko Tinggi,0.08393279426052207,0.703177694106292
Fuuu,oe:player:35859191db73609302debbc5c43117c,LTA S,mid,Fluxo W7M,30,598.91385,0.26693906666666667,0.2445473,8.35809,0.01950243780472559,0.09485753995830437,0.18421052631578946,640.94137,0.7288732394366197,0.357487922705314,0.425,0.1748033333333333,-0.9152440598951184,0.5434233681533237,1.3825147876737955,-0.6678828922929843,-0.2746051841177298,0.738858789039677,-0.12910856235216067,0.4807444663913709,1.192917725523285,0.27389175701493806,0.1321883789055574,-1.392429953842006,1,mid_1,Penuntas Berisiko Tinggi,-0.3664681863901512,1.087495115440266
Kaze,oe:player:722c8846b5f0c756efb2affe467958a,LTA S,mid,RED Canids,27,674.0169888888888,0.25389003703703705,0.23874614814814812,8.108974074074073,0.011040339702760084,0.08589097572148419,0.22058823529411764,684.3302592592593,0.728110599078341,0.4208860759493671,0.4090740740740741,0.14990370370370368,0.2289134108423259,-0.23494267716791203,0.7092064968751179,-1.4319380802333956,-1.0584232693281757,0.23112421224624602,1.2297217466326256,1.2493536573675088,1.1742274438677647,1.880433523627942,-0.12585319050782295,-1.9324628894831266,1,mid_1,Penuntas Berisiko Tinggi,-0.8604704153501005,2.167298137137861
Mago,oe:player:a5a0a92da1f12d481f7e1699e638000,LTA S,mid,RED Canids,11,616.8508181818182,0.24196318181818183,0.23303872727272726,8.479790909090909,0.021351179094964947,0.11863035858722028,0.26666666666666666,685.4057090909091,0.6423841059602649,0.38144329896907214,0.44824545454545456,0.18575454545454545,-0.641983628290929,-0.9463717560581855,0.046777053096365574,-0.29461807342459434,-0.10336197224474014,2.085002271308433,2.9509068046800215,1.2684046319177138,-0.9267003189023949,0.8809332958198124,0.5088254171873844,-1.1549157691486982,1,mid_1,Penuntas Berisiko Tinggi,-1.8922087860897268,3.3272355773565407
cody,oe:player:a66db93c9f417a2500c24e689ba0ccc,LTA S,mid,Leviatan,23,649.5811173913044,0.29027504347826083,0.24094421739130437,8.626234782608696,0.0075035172737220575,0.08373851971907077,0.17971014492753623,643.6573173913043,0.7158671586715867,0.36597938144329895,0.6343652173913042,0.18020434782608696,-0.14335445094843852,1.9353990552423392,0.9643244946386529,0.15453507038775588,-1.3860282380550255,0.1092407005033555,-0.29721300884142837,0.5288559106528461,0.8741733657551461,0.4890696829322584,3.5244513799708983,-1.2752906326815339,1,mid_1,Penuntas Berisiko Tinggi,0.425037709020001,0.540361050318728
Bdd,oe:player:30361653a485a9609fb2d3aa073282c,LCK,mid,KT Rolster,73,658.8486616438356,0.26077782191780824,0.24397141095890412,8.817635616438357,0.02643235435724603,0.07090090855056466,0.1618217054263566,586.4946410958904,0.7136105860113422,0.36688741721854307,0.45904657534246573,0.20852602739726028,-0.0021682082853872473,0.17590916628992523,1.315674464260063,0.741574214995301,0.36729164305366574,-0.6176931508055143,-0.9654066487741836,-0.4837479870621199,0.8188707868419293,0.5120797758744425,0.6838317668870945,-0.6610389354230403,2,mid_2,Penyeimbang Terkendali,1.4346118665139602,-0.6314306813377141
kyeahoo,oe:player:308e48bf56284c09a1a9aadf55bc80c,LCK,mid,Kiwoom DRX,39,683.5336692307692,0.25847246153846154,0.23645612820512818,8.530123076923077,0.021507226428079836,0.07927090341916937,0.17475728155339806,623.9424205128205,0.6851520572450805,0.3237597911227154,0.39163589743589744,0.20539743589743592,0.3738951129505653,0.038395934084682184,0.44341627915526394,-0.14024595205371643,-0.08890778838035085,-0.14373950589399515,-0.4822191859222615,0.17961786380158293,0.12142812940951812,-0.580796421182847,-0.4083971686948395,-0.7288930552313733,2,mid_2,Penyeimbang Terkendali,0.025746420202159302,-0.20675135913700357
ShowMaker,oe:player:5f8ff49cd56eae61d635966b183a451,LCK,mid,Dplus Kia,77,649.4110337662337,0.24583381818181815,0.23273324675324675,8.614514285714286,0.03195303396970512,0.06784626652789022,0.1702127659574468,571.8004753246753,0.7113752122241087,0.32816229116945106,0.4520948051948052,0.2653857142857143,-0.14594558699353274,-0.7154908396412848,0.011321582924858856,0.11858752338075919,0.8786551927025339,-0.7906632354081816,-0.6519721941480265,-0.7440466731611826,0.7640877357809354,-0.46923480872751955,0.57119494517595,0.5721562601178453,2,mid_2,Penyeimbang Terkendali,0.3824933122566265,-1.5915179265796664
Clozer,oe:player:6adb46561c24655e0455d9b3fdc5698,LCK,mid,HANJIN BRION,78,629.7090974358974,0.25451876923076927,0.2384315641025641,9.112323076923078,0.01705784835529186,0.07432284732020428,0.17046490428441202,613.3413628205128,0.7047713717693836,0.3215796897038082,0.42335384615384614,0.23041666666666666,-0.4460943953369175,-0.19743921483456903,0.672694429710889,1.64540034400515,-0.5010399758552241,-0.423924770060366,-0.6425539759490421,-0.008173769390252137,0.6022452149032078,-0.6360413109108499,0.10551638985241751,-0.1862661631545333,2,mid_2,Penyeimbang Terkendali,0.6772100331818581,-0.7224517508824364
Ucal,oe:player:bd6a2e6aaeb993fd29f43790265297f,LCK,mid,Kiwoom DRX,37,599.036172972973,0.24116656756756757,0.2420401081081081,9.01535945945946,0.017141809515079293,0.09417077401767768,0.1792452830188679,578.6293837837837,0.6457399103139013,0.3784722222222222,0.45588918918918914,0.2136891891891892,-0.9133805326785414,-0.9938892728005209,1.0915185975128465,1.3480064512253902,-0.49326291221171126,0.6999704473057986,-0.31457717136654345,-0.6230764917250363,-0.8444585022067203,0.8056446850103984,0.6326738698816051,-0.549058256948711,2,mid_2,Penyeimbang Terkendali,0.25625680363697356,0.3097912702062589
Calix,oe:player:c9441d0e78cf438ef0b372dc74010e3,LCK,mid,Nongshim RedForce,62,582.0051129032258,0.22624111290322582,0.24076972580645162,8.847787096774194,0.01275601868487244,0.08433745590848414,0.14209115281501342,693.937364516129,0.6065789473684211,0.38611713665943603,0.4093741935483871,0.22169354838709676,-1.1728399228141282,-1.8841828387930468,0.9440722009983042,0.8340508195682638,-0.8995052092453271,0.14315565439498235,-1.7024094357634423,1.4195379954588438,-1.804189284097583,0.9993707435327548,-0.12099047166036303,-0.3754565745193357,2,mid_2,Penyeimbang Terkendali,-0.09700195510738581,0.5672333499176483
Dire,oe:player:b7a3b6176406a92dd089fe2f82a1d3f,LCP,mid,Team Secret Whales,45,675.5567866666667,0.25685586666666665,0.2349140888888889,8.55208,0.012704034493378502,0.05717790873441848,0.1561938958707361,572.7326311111111,0.6991525423728814,0.38585858585858585,0.3354711111111111,0.21263555555555555,0.2523714334620712,-0.058032888054584474,0.2644401235785072,-0.07290260206203562,-0.9043203448000102,-1.3947624183601348,-1.1756243456040512,-0.727534070116769,0.464542688601084,0.9928189334388854,-1.3184133069353197,-0.5719098765400448,2,mid_2,Penyeimbang Terkendali,0.726734978039037,-1.0693191433421976
Aress,oe:player:f6d8ec0afe458e19c057c1407d7da27,LCP,mid,GAM Esports,33,541.5133181818182,0.22844990909090912,0.23363381818181816,8.926281818181819,0.029036751312546877,0.06004861078015536,0.14754098360655737,589.8969,0.6553398058252428,0.3333333333333333,0.46252727272727273,0.22626363636363636,-1.789711469323081,-1.7524295971861865,0.11584603337860425,1.0747993742602888,0.6085289118768281,-1.2322079939679056,-1.4988398469583801,-0.42347892951253185,-0.6091906606575465,-0.33819794427480004,0.7402281497414513,-0.27633871361862405,2,mid_2,Penyeimbang Terkendali,-0.06235007356722197,-1.9829297233826424
Caps,oe:player:55dd587cdc4a278be6a5c37f9e539de,LEC,mid,G2 Esports,39,613.1672487179487,0.2449001794871795,0.23752802564102565,8.924953846153846,0.03229231177563479,0.051357686533751216,0.17615176151761516,594.4543051282051,0.6197183098591549,0.3806818181818182,0.2683820512820513,0.25581282051282056,-0.6981009035928558,-0.7711817744564436,0.5678256118027488,1.070726395330335,0.9100814509417792,-1.7243343678661256,-0.43013064890694075,-0.34274712170777866,-1.4821785446186955,0.8616369815488348,-2.405431190182965,0.36453558448318946,2,mid_2,Penyeimbang Terkendali,1.5012838379093711,-0.5949855184488998
nuc,oe:player:8f862245fbdb4d065e46c83630b9495,LEC,mid,Team BDS,39,710.5241692307692,0.27813766666666667,0.24005723076923077,8.541853846153845,0.027741542742847205,0.07162724296650011,0.1735241502683363,552.1724743589743,0.7290076335877863,0.31413612565445026,0.3572410256410256,0.21117692307692307,0.7850814184873603,1.2114125016397042,0.8613767591335019,-0.10426689910482914,0.48855773111087214,-0.5765642314619028,-0.5282808047586073,-1.0917454089500187,1.196211367815999,-0.8246650471846544,-0.9656838683191659,-0.6035452699645332,2,mid_2,Penyeimbang Terkendali,1.0951773799622682,-0.9693753098155343
Larssen,oe:player:d3f8c554a302aebd5d2bae668ae197e,LEC,mid,Natus Vincere,37,576.8931324324325,0.25916945945945946,0.23820683783783786,8.544794594594595,0.025252525252525252,0.07486158405032362,0.15434083601286175,605.2282783783784,0.6675126903553299,0.34600760456273766,0.3822081081081081,0.1288702702702703,-1.2507183009012983,0.07997140220473382,0.6466116687240171,-0.09524742716929824,0.2580077067775079,-0.3934186298660006,-1.2448423906640846,-0.15189238896886495,-0.31086571894984827,-0.01702540139273122,-0.5611519639611648,-2.388644245295449,2,mid_2,Penyeimbang Terkendali,-0.3349487894531927,-0.43085634436226916
Shanks,oe:player:0e2f0d3ded24c190dd6a4b3d6f89f04,LPL,mid,Anyone's Legend,93,699.4221010752689,0.2404490430107527,0.22767317204301074,8.480706451612903,0.024480942051440968,0.07287343550864352,0.17969379532634971,608.1326483870968,0.6929824561403509,0.35358649789029534,0.34512043010752685,0.25009677419354837,0.6159471531466709,-1.0366891412628254,-0.5759738958816515,-0.2918100433433787,0.18653833121993116,-0.5059981789275266,-0.29782372167233495,-0.10044314652899268,0.31333032713477965,0.17502764830029177,-1.1620691528066043,0.2405637294808185,2,mid_2,Penyeimbang Terkendali,-0.11060189501405496,-0.6257207983461833
Tangyuan,oe:player:3c93fcbfb525315f6412904e5b9abbd,LPL,mid,Royal Never Give Up,31,572.1197580645162,0.24781545161290325,0.2382792258064516,8.832812903225808,0.024734215665003254,0.07372889470492484,0.15430861723446893,606.7358096774193,0.6621983914209115,0.31983805668016196,0.4095258064516129,0.30784193548387095,-1.3234381901692827,-0.5972877072391831,0.6550133483673718,0.7881239675480898,0.20999828600001233,-0.45755752746770045,-1.2460458708674342,-0.1251873400056726,-0.44110501563496146,-0.6801751862909281,-0.11853394689227935,1.4929634412249144,2,mid_2,Penyeimbang Terkendali,0.5641450814975495,-1.0721166309944934
Angel,oe:player:542b1268b090a5fc82442efbd8d8165,LPL,mid,EDward Gaming,53,656.4087603773586,0.2615880566037736,0.23019703773584904,8.789079245283018,0.010167701043179718,0.04973637791936152,0.13738019169329074,508.55299433962267,0.6852085967130215,0.32287822878228783,0.44720377358490565,0.28864905660377355,-0.03933884193934825,0.2242391330535038,-0.2830424679087904,0.6539899168461873,-1.1392531007708082,-1.8161414883458227,-1.8783797466057037,-1.8644393824727248,0.12281376101030861,-0.6031356636891398,0.4919474666595283,1.0767007546229517,2,mid_2,Penyeimbang Terkendali,0.8767157997629049,-3.129017942121651
charlotte,oe:player:9bcf397008d511151380efd9e6b2ae6,LPL,mid,Oh My God,10,497.15119999999996,0.23051020000000003,0.2249349,8.75427,0.01553829078801332,0.08757230120547056,0.17532467532467533,575.96081,0.6590909090909091,0.3620689655172414,0.47633000000000003,0.21067,-2.4655453916649623,-1.629534597892212,-0.8937903082261782,0.5472276360007294,-0.6417919133061335,0.32632980722300936,-0.46102511199088664,-0.6703487398058376,-0.517261121664257,0.3899777348457511,0.9638683590583456,-0.6145396165249831,2,mid_2,Penyeimbang Terkendali,-1.8043568032333046,-0.7674668133875743
Saber,oe:player:da42b9f18367dc6c30476ec117c29de,LPL,mid,Ultra Prime,67,542.3318417910448,0.23591095522388061,0.2308764776119403,8.511231343283583,0.02088078967350038,0.07739795448263154,0.17337461300309598,610.252376119403,0.6715328467153284,0.3442028985507246,0.4122223880597015,0.22686119402985075,-1.7772416855520319,-1.3073830966177638,-0.2041835596515562,-0.1981881612593042,-0.14693269562715605,-0.2497958403530435,-0.5338665267306071,-0.06289339023810249,-0.21234240602528148,-0.06275757869441803,-0.07484228629817244,-0.26337864852927784,2,mid_2,Penyeimbang Terkendali,-1.2019409376628372,-0.6388150673861407
haichao,oe:player:f886838ee1808c2f217208267a829ce,LPL,mid,LNG Esports,50,603.180248,0.25684314,0.23931338,8.602718,0.015207768099385977,0.07975215484187602,0.1724137931034483,603.111256,0.7416520210896309,0.3459715639810427,0.395664,0.258624,-0.850247693337642,-0.058792025360927376,0.7750420271991572,0.08240752699984616,-0.6724072119940934,-0.11648848967578641,-0.5697563954932278,-0.18939422147259802,1.506091590132569,-0.01793868824452848,-0.3431313931139663,0.42550554803915763,2,mid_2,Penyeimbang Terkendali,0.13369506115234608,-0.3638143881485898
Keine,oe:player:1b26a8bba6e841f1c375b283db5c1c6,LTA N,mid,Dignitas,35,609.8768971428572,0.25520325714285713,0.23932388571428573,8.702974285714285,0.01466414380321665,0.08069939475453933,0.17785843920145192,684.8461742857143,0.7213930348258707,0.3310344827586207,0.4149771428571429,0.2454285714285714,-0.7482277077676237,-0.1566099605280064,0.7762613685834187,0.38990025328348404,-0.72276145626814,-0.06285072570338333,-0.3663804725050425,1.258492795010019,1.0095978559436634,-0.39645199860444374,-0.03020806819449375,0.1393179165576165,2,mid_2,Penyeimbang Terkendali,-0.037629189090244396,0.37641218980325125
Zeka,oe:player:f9cd2ef9afea5cda0eb3263a025cec1,LCK,mid,Hanwha Life Esports,70,717.03621,0.2583453857142857,0.2280954285714286,8.783181428571428,0.028348971850668796,0.07575149423106395,0.1778006166495375,644.5209628571429,0.639386189258312,0.36,0.44622428571428574,0.2710314285714286,0.8842889909815713,0.030815944650443048,-0.5269648665219313,0.6359009189659319,0.5448220185791564,-0.34302718035773344,-0.36854034013527076,0.5441548928144305,-1.0001712635370934,0.33754908594907107,0.47607720652321306,0.6946027263848481,3,mid_3,Penghasil Kerusakan Mandiri,0.9348392578382166,-0.08290261160012412
Kati,oe:player:2e7d6bbb048c7e1ff0eb4d8e3bbad9a,LCP,mid,MGN Vikings Esports,49,727.8069061224489,0.27097185714285715,0.23198128571428572,8.78868775510204,0.020397902750843928,0.05587235155636934,0.1555944055944056,505.83127959183673,0.7351351351351352,0.31985294117647056,0.4853265306122449,0.27105510204081634,1.0483749748147448,0.7839766708628239,-0.07595446411197591,0.6527891903061576,-0.1916610240545743,-1.4686900124495605,-1.1980173324165202,-1.9126529921335702,1.3463800921975155,-0.6797980055092938,1.1096356374732248,0.6951161658761355,3,mid_3,Penghasil Kerusakan Mandiri,1.4759817507199795,-2.7674845599453075
FoFo,oe:player:568fe19f3078824aeca0056e28081bb,LCP,mid,PSG Talon,35,780.2544114285714,0.28819337142857143,0.22925937142857142,8.46947142857143,0.01984765583091943,0.057813911472448055,0.1702127659574468,527.6011228571429,0.716024340770791,0.3087818696883853,0.47949142857142857,0.24249142857142855,1.8473855874912777,1.8112286849572288,-0.3918723201201345,-0.32626860960951326,-0.24262870157038904,-1.3587485592604727,-0.6519721941480265,-1.5270127532271658,0.878025479891835,-0.9603446434894114,1.015091753789305,0.07561601001790061,3,mid_3,Penghasil Kerusakan Mandiri,1.1145659964465093,-2.1397767400374814
HongQ,oe:player:a179853ac2a0832657b9de8b9ba0020,LCP,mid,CTBC Flying Oyster,45,757.4057622222222,0.27877213333333334,0.2382338,9.148544444444445,0.02005618854378024,0.06756756756756757,0.21889400921658986,622.4163000000001,0.6685314685314685,0.33472803347280333,0.5081644444444444,0.27645333333333333,1.4992982362504719,1.2492580215165334,0.6497410209259991,1.7564936980977583,-0.22331295862711897,-0.8064446534558118,1.1664366797860943,0.15258351761949768,-0.2858981823517296,-0.30285552637606195,1.4796694524487708,0.8121951238980131,3,mid_3,Penghasil Kerusakan Mandiri,2.0434149801577917,0.17582451320987014
Vladi,oe:player:367fecc4cb53a8234abbd9f283b7997,LEC,mid,Karmine Corp,44,708.5985522727273,0.25409054545454546,0.2303945909090909,8.854013636363636,0.039600123992560445,0.07111030073731353,0.1922365988909427,613.1886363636363,0.6633380884450785,0.35698924731182796,0.4349863636363636,0.22880454545454543,0.7557456402373738,-0.2229824817802596,-0.2601135405484651,0.8531480324764568,1.5869815896458812,-0.605836251048279,0.17069235924317702,-0.010879230637694741,-0.4131740804931158,0.2612550664076667,0.2939935359460682,-0.22123048044522786,3,mid_3,Penghasil Kerusakan Mandiri,1.0902498133876528,-0.31404503015430685
Czajek,oe:player:73ac73edf51a3acdfa494e271c6ee29,LEC,mid,Team Vitality,39,660.6435076923077,0.2572617948717949,0.23529215384615385,8.673807692307692,0.03829486159016538,0.06514075512185154,0.1452991452991453,581.4025538461539,0.6180811808118081,0.3492537313432836,0.4436025641025641,0.21636666666666665,0.02517534280401667,-0.03381953727847855,0.3083200765064202,0.30044436272158415,1.4660791533216262,-0.9438636868267954,-1.5825800803460701,-0.5739513807930322,-1.5223002122818174,0.06523311854542185,0.4335984732677526,-0.49098807503104364,3,mid_3,Penghasil Kerusakan Mandiri,1.1425275078404664,-1.2917994564332238
Jojopyun,oe:player:83eb62484689106807fcf5ad55b5479,LEC,mid,Movistar KOI,41,678.3346463414634,0.2629175853658537,0.23265556097560977,9.043709756097561,0.05762575452716298,0.07953915495673552,0.23605150214592274,697.5373000000001,0.6399345335515548,0.35038363171355497,0.4871512195121951,0.22597073170731705,0.2946906886436845,0.3035446503259396,0.0023050152679682137,1.4349587050625494,3.2566402298667247,-0.12854967651196197,1.8073269962284781,1.4833087798016107,-0.9867328070304962,0.09386537428266215,1.1392003604051475,-0.28269134471265633,3,mid_3,Penghasil Kerusakan Mandiri,1.407901563551599,1.442046586255494
Humanoid,oe:player:edf8b064c096691e539b7e2a3e28179,LEC,mid,Fnatic,30,721.1801766666666,0.26128596666666665,0.24069106666666668,9.367826666666668,0.07549463910688627,0.06682544850156782,0.19174041297935104,621.9544333333332,0.601145038167939,0.38412698412698415,0.3933433333333333,0.19581666666666667,0.9474201795084339,0.20621966675208855,0.9349426604662137,2.4290469236262173,4.911779975040795,-0.8484673836737511,0.1521581394009202,0.14440181555092219,-1.9373599094717118,0.9489392561516219,-0.38073225045420767,-0.9366845368860102,3,mid_3,Penghasil Kerusakan Mandiri,3.643038093758607,0.41135966326555445
Creme,oe:player:6e7908512cb309a43388bb464a312a2,LPL,mid,Top Esports,98,789.0263571428571,0.2694480408163265,0.23038094897959183,8.512827551020408,0.023768350564774273,0.07667094347855447,0.17434443656980864,614.8849775510204,0.6984687868080094,0.35834738617200673,0.40767857142857145,0.24700918367346938,1.9810216427931977,0.6930820280010728,-0.2616968854545776,-0.19329248548980763,0.12053317648335106,-0.29096307171725483,-0.4976403405900237,0.019170476785422313,0.44778566289131244,0.29567100271007063,-0.14846397586755025,0.17359885500606723,3,mid_3,Penghasil Kerusakan Mandiri,1.0734841300314455,-0.2442256084396429
Loki,oe:player:0a53c1102dafce61e89decc517b3175,LTA N,mid,Cloud9,43,688.3961093023256,0.2608899302325582,0.23621290697674419,8.849855813953488,0.031524341580207504,0.07096268018782861,0.2112970711297071,552.1638069767441,0.695139911634757,0.4194915254237288,0.4391418604651163,0.22902093023255812,0.4479718721405527,0.1825963536192732,0.4151869078594747,0.8403957133655814,0.8389467369707025,-0.6141953120262795,0.882665380881949,-1.0918989466357623,0.3662038086021201,1.845094897020546,0.36132343113527493,-0.21653744249099277,3,mid_3,Penghasil Kerusakan Mandiri,1.5948809428963924,0.15721454409533978
Quad,oe:player:e9017664588010860a92ceb5f8fcb82,LTA N,mid,FlyQuest,41,738.9844414634146,0.26023065853658534,0.22805260975609754,8.701341463414634,0.028732097355241192,0.058415203125592695,0.19012345679012346,566.6239926829268,0.6493688639551192,0.35205183585313177,0.49039024390243896,0.1930829268292683,1.218658943687445,0.1432712300390934,-0.5319346146169363,0.38489227820362365,0.5803097540994371,-1.3247002264793224,0.09175936388891841,-0.835745082668803,-0.7555225248054375,0.13613852402489432,1.191681009939385,-0.9959749589376122,3,mid_3,Penghasil Kerusakan Mandiri,0.724055045660892,-1.2055187317573326
Hauz,oe:player:979d7cbbe1e2a8b55d503047f5c72a0,LTA S,mid,Leviatan,15,698.99508,0.2826015333333334,0.2408328,8.737486666666666,0.023430592396109638,0.0671892497200448,0.18134715025906736,540.2082666666666,0.6559139784946236,0.4016393442622951,0.46718666666666664,0.20794666666666667,0.6094417079594331,1.477679215931261,0.9513928811901214,0.49575203139373863,0.08924767756371443,-0.8278670229534398,-0.23606533014128336,-1.3036844595237254,-0.5951192195213202,1.3927114569133945,0.8157224933814113,-0.6736043382339056,3,mid_3,Penghasil Kerusakan Mandiri,1.9319945792256104,-0.2424847738508073
tinowns,oe:player:ae770d2c942cee6dbcfbd1832015231,LTA S,mid,LOUD,28,670.4510928571428,0.26327075,0.23001167857142857,8.668257142857142,0.030026109660574413,0.053181516014113556,0.14054054054054055,501.45381071428574,0.6308900523560209,0.34439834024896265,0.46453214285714284,0.2897357142857143,0.1745888294073044,0.3246106887540848,-0.3045561026777164,0.2834204567314317,0.700170128581441,-1.6210594383727803,-1.7603300419591983,-1.990197332860838,-1.2083889246717199,-0.05780498567568305,0.7727122789021622,1.1002686127294492,3,mid_3,Penghasil Kerusakan Mandiri,1.4278506580583663,-2.7416904209505777
Kisee,oe:player:d51674883fd227c219c9a1fc7da7db4,LTA S,mid,Vivo Keyd Stars,23,628.2096956521739,0.24673056521739128,0.23184186956521738,8.75315652173913,0.03678879952338397,0.07408209682660025,0.19655172413793104,588.8658608695653,0.5852272727272727,0.41262135922330095,0.3887478260869565,0.3282869565217391,-0.46893700588376064,-0.6620004680547493,-0.0921357418023668,0.5438125237845437,1.3265772625176777,-0.4375573440044524,0.33187686308772624,-0.44174319406129614,-2.327461896840977,1.6710013567549136,-0.45519146291200335,1.9363830781654596,3,mid_3,Penghasil Kerusakan Mandiri,1.2744581869612521,0.3106682287827386
Chovy,oe:player:fb6e61b8acb05df17b7e5ad4ae7c800,LCK,mid,Gen.G,70,788.9071942857144,0.27317611428571426,0.24154385714285712,9.637544285714286,0.02726926010678871,0.054829153879543395,0.17316017316017315,632.46234,0.6775738228252195,0.336866902237927,0.42398571428571424,0.38480571428571425,1.9792062583065912,0.9154591614275623,1.0339214344401926,3.256288880744383,0.44481164509143345,-1.527761415605308,-0.5418765792105767,0.3305433319575913,-0.06429418940197376,-0.24865549327340308,0.11575430287348212,3.1621840691066594,4,mid_4,Poros Serangan Dominan,4.30371755734282,-0.8508347456286801
Aria,oe:player:2e82913920d8a6d0efa480bc35f1ba8,LCP,mid,DetonatioN FocusMe,47,709.1037085106384,0.28790555319148936,0.2528738510638298,8.737040425531914,0.014321819713563605,0.07889810109654989,0.15404699738903394,599.7253234042553,0.765704584040747,0.3835920177383592,0.3564425531914894,0.30146595744680854,0.7634414342087914,1.7940605161870227,2.3489324937101377,0.49438338002064003,-0.7544698823865912,-0.16484955702434148,-1.255818255808464,-0.24937406786978913,2.09555577362804,0.9353829330872636,-0.9786212061524572,1.3546787282330073,4,mid_4,Poros Serangan Dominan,2.870138518287917,0.2912661615003568
Knight,oe:player:ed29043422e3c515e1cb292464b990b,LPL,mid,Bilibili Gaming,98,754.9208520408163,0.2635309897959184,0.2366939693877551,8.569610204081632,0.03570646221248631,0.0717502717813325,0.16233309908643712,626.0629418367347,0.7062780269058296,0.4158730158730159,0.2755683673469388,0.2882030612244898,1.4614419150603102,0.34013382162553235,0.47102121766501065,-0.019136294972508426,1.2263236908434636,-0.5695976853487537,-0.9463043681562906,0.21718167811087716,0.6391693149094893,1.753400006418135,-2.288994112407448,1.067027831871106,4,mid_4,Poros Serangan Dominan,2.399003969537034,0.32189481023315997
Quid,oe:player:8f8eaac8e99c203ee76e57c5c81c91f,LTA N,mid,100 Thieves,48,775.1963895833333,0.2730462708333333,0.2504962916666667,8.937245833333334,0.03117993273542601,0.07744353075882168,0.18289085545722714,736.9735312500001,0.7483702737940026,0.3780487804878049,0.38324374999999994,0.29771458333333334,1.7703292411520888,0.9077140847889811,2.072982045444385,1.10842674122222,0.8070452064054315,-0.24721506909082475,-0.178402726576927,2.181898909986655,1.6707380501770654,0.7949144539664476,-0.5443718621085644,1.273317454779469,4,mid_4,Poros Serangan Dominan,3.2196986366054596,1.6400222002352012
Saint,oe:player:f45792335d83b10581da2f0cbdd6e8e,LTA N,mid,LYON,33,723.3367515151515,0.2832510303030303,0.2517109090909091,8.875590909090908,0.024862441410230283,0.09222284172932897,0.21338912133891214,658.5899939393939,0.715962441314554,0.4098360655737705,0.3398424242424243,0.35128787878787876,0.9802744817467054,1.5164212835102322,2.213956114521696,0.9193269694817918,0.22187544186460664,0.5896681564923744,0.9608105228390553,0.7933796778356209,0.8765084892699322,1.600420585055978,-1.2475866243268614,2.435236103635998,4,mid_4,Poros Serangan Dominan,3.0990254568372695,2.429213393319373
Mireu,oe:player:5b86bafc34d79c84a8847d29b64ca29,LTA S,mid,Vivo Keyd Stars,42,762.3041404761905,0.2733138095238095,0.23331459523809522,8.390488095238096,0.014551192145862552,0.08903593062008903,0.20677966101694914,695.4654142857142,0.6959876543209876,0.38137472283813745,0.2635238095238095,0.25545,1.5739224950589785,0.923672591926058,0.07879555442015342,-0.5685157697212438,-0.7332238204149314,0.40920829242496953,0.7139248540118588,1.4466065173136993,0.386979721396479,0.8791955414389363,-2.484147387515363,0.3566665908650618,4,mid_4,Poros Serangan Dominan,0.571389404551372,2.04425096279126
Pollu,oe:player:3126bca5d4d2555ba3b460699508e16,LCK,sup,HANJIN BRION,78,194.9585423076923,0.07853202051282052,0.08978029487179487,0.9403141025641025,0.005536626916524702,0.10850340811987043,0.2488605287146764,493.01041794871793,0.7435387673956262,0.04946524064171123,1.9903935897435896,0.3726064102564103,0.006811928594927673,0.23695818644865096,-1.6134330679588036,-1.1449270686431146,-0.5587994339022919,0.06830000126037082,0.11869414866924541,-0.8614807673953174,-0.2569892038702443,-0.8342510138116546,0.9223942739478228,-1.0294869485658547,0,sup_0,Inisiator Garda Depan,-1.5757920702330885,-0.7225062682896878
Andil,oe:player:5ef70ecd799a70ebbda239cd9a9f1e7,LCK,sup,Kiwoom DRX,66,199.82318333333333,0.07773979696969696,0.0899572606060606,0.911930303030303,0.00493339911198816,0.12233730991377074,0.25275735294117646,559.4590075757575,0.7508305647840532,0.05457227138643068,1.732440909090909,0.3486484848484848,0.22833232410228457,0.13061602927897115,-1.5692565338988549,-1.4342652370680886,-0.6704797745975535,0.6985941182721157,0.240168884552522,0.6269847384192856,-0.03613756126622473,-0.5513582376631145,-1.0832201085413227,-1.4855797738995111,0,sup_0,Inisiator Garda Depan,-2.0709100193453427,-0.10204092855907503
Pleata,oe:player:7fdedd3126915607d5c8f42f8239253,LCK,sup,Kiwoom DRX,10,163.70596,0.07083614,0.08923402,0.96481,0.0,0.12303906490310673,0.24096385542168675,518.45793,0.7254901960784313,0.05405405405405406,2.08826,0.41212,-1.4163320108931787,-0.7960791956855456,-1.7498014478605457,-0.895221313443264,-1.5838390220809184,0.7305671688222604,-0.12746689090219826,-0.2914499494391536,-0.8036385976650646,-0.580063751127253,1.6833178645699471,-0.2772571758132003,0,sup_0,Inisiator Garda Depan,-2.4571867264964014,-0.9518396677748399
Gaeng,oe:player:28210a578227a57de61f42f4bd0d2b4,LCP,sup,Fukuoka SoftBank HAWKS gaming,50,179.041374,0.072704134,0.094374394,0.9183060000000001,0.004267425320056899,0.1532971830834079,0.26539753639417696,577.57419,0.7610169491525424,0.053452115812917596,1.668048,0.363136,-0.718005668488209,-0.5453336665173499,-0.4665931022783218,-1.3692727937044686,-0.7937767768538426,2.1091741710274525,0.6341981907828614,1.0327694860168746,0.2723844121428648,-0.6134068008594545,-1.5838830374020354,-1.2097774410592537,0,sup_0,Inisiator Garda Depan,-2.5643882310377824,0.05075162466574688
Execute,oe:player:40cd014b7b6251e3a22e6a45a73a64e,LEC,sup,Rogue,27,152.5818111111111,0.0674621074074074,0.09172222962962963,0.8477666666666666,0.0024937655860349127,0.1356633305873486,0.296551724137931,599.0663592592592,0.6900958466453674,0.05092592592592592,2.094485185185185,0.38739999999999997,-1.9228906343477592,-1.2489840700375894,-1.1286615537013278,-2.088335140670436,-1.1221484498493022,1.3057483802343097,1.6053599645407564,1.514199607665666,-1.8756514080592797,-0.7533395535550133,1.7317194586509812,-0.7478577996267408,0,sup_0,Inisiator Garda Depan,-4.65137221908363,0.11201187206216676
Parus,oe:player:a9cfbc13e22eefdd22af7b346ce2af4,LEC,sup,Team BDS,39,175.48551282051284,0.06933341794871795,0.09591467692307692,0.999623076923077,0.004477611940298508,0.107810077042361,0.26118067978533094,565.548641025641,0.7786259541984732,0.08823529411764706,1.9569,0.4495076923076923,-0.8799283613852568,-0.9977933531943155,-0.08208724697477952,-0.5403445147198882,-0.7548632632829568,0.03671075725631874,0.5027471647566528,0.7633940946461327,0.8057203623694305,1.3133311346951404,0.6619774209770957,0.43450137284977247,0,sup_0,Inisiator Garda Depan,-0.6301027824795925,-0.12639815241852642
Malrang,oe:player:b06f165ee2371a61d3be74d413e1e21,LEC,sup,Natus Vincere,10,166.30939,0.08419063,0.08412229,0.81774,0.014925373134328358,0.14480366031474684,0.25668449197860965,571.65332,0.654320987654321,0.07547169811320754,1.7264199999999998,0.3386,-1.2977800272553472,0.9965275588443837,-3.025859298196535,-2.394420332925792,1.1794135072456198,1.7221960419682443,0.3625886165242572,0.900140474492658,-2.9591889710529458,0.6063197051932283,-1.1300334304181603,-1.6768752123330815,0,sup_0,Inisiator Garda Depan,-4.389204153560779,0.8137539048765045
Labrov,oe:player:bb6ac5763c6576e104a7a2f59eb4ddf,LEC,sup,G2 Esports,39,181.67196923076924,0.07506733076923078,0.09759204615384616,0.8689282051282051,0.00554016620498615,0.08296241670836735,0.2845528455284553,507.43989230769233,0.7447183098591549,0.06855791962174941,1.7928871794871795,0.3795025641025641,-0.5982166659969136,-0.22811582511671286,0.33663991092188644,-1.872619102645819,-0.5581441774001534,-1.0953873567354782,1.231321895266415,-0.5382568288449371,-0.22126359649051158,0.22334609706545858,-0.6132427895700957,-0.898203198488422,0,sup_0,Inisiator Garda Depan,-0.9127391358201936,-0.6269007390891495
Loopy,oe:player:e9741b3a238723ea6380ef2113fae63,LEC,sup,SK Gaming,37,167.95545675675675,0.0786619972972973,0.09253064054054054,1.0344675675675676,0.0024896265560165973,0.1377668169061995,0.2523364485981308,540.0716810810811,0.716012084592145,0.06329113924050633,1.6859891891891892,0.4144108108108108,-1.2228233434905433,0.2544052968800605,-0.9268552984481869,-0.1851474914752524,-1.1229147412554958,1.401586493858261,0.227048137777265,0.19270363630318385,-1.0907086270452853,-0.06839566011019167,-1.4443880455851217,-0.23364645588575766,0,sup_0,Inisiator Garda Depan,-1.6309715261917916,0.33115988936787116
Parukia,oe:player:13166913111075999f2adeb687548eb,LPL,sup,EDward Gaming,22,192.18992272727272,0.07052193636363636,0.09473176363636364,1.0006590909090909,0.022156573116691284,0.12468888190802986,0.3628691983122363,563.7359181818182,0.7616707616707616,0.06774193548387097,2.0127545454545452,0.3725045454545455,-0.11926226706129658,-0.8382555394353504,-0.37738175309643246,-0.5297836175144602,2.518182827214755,0.8057354017504056,3.672658151866276,0.7227886365050848,0.29218687797014786,0.17814644396051432,1.0962535037360959,-1.0314261734567212,0,sup_0,Inisiator Garda Depan,-2.6523247979647335,0.6382253197641423
Xiaoxia,oe:player:403937c97942cb4634ef8907077ede5,LPL,sup,Ultra Prime,55,160.46206363636364,0.06779153272727273,0.08982805090909092,0.9574454545454546,0.011883541295306001,0.10746403725419958,0.24934383202099739,496.9196690909091,0.7827380952380952,0.051330798479087454,2.0735,0.3207054545454545,-1.5640488108934245,-1.2047644814569876,-1.6015115724391724,-0.9702938593356207,0.6162550892069968,0.02094464542615524,0.13376004286267837,-0.7739125359042144,0.9302675836980567,-0.7309125257426901,1.568557016918985,-2.017538005770333,0,sup_0,Inisiator Garda Depan,-2.3432538717998863,-2.5554102486802384
Feather,oe:player:5000a68e43f946c726a17e1008e230a,LPL,sup,ThunderTalk Gaming,87,161.69681149425287,0.06456969540229886,0.09412529655172415,1.1231298850574714,0.006568144499178982,0.12191922088858244,0.23044982698961938,512.2451735632184,0.7842056932966024,0.06088992974238876,1.9270390804597701,0.43687701149425284,-1.507822291322961,-1.637239802547108,-0.5287761116256587,0.7186565436502819,-0.3678264147582382,0.6795453309603858,-0.455218093578782,-0.4306172922538177,0.9747177274195755,-0.20140539805607913,0.42980503357370853,0.194048044775569,0,sup_0,Inisiator Garda Depan,-0.47461014168402227,-1.7572201488196246
Crisp,oe:player:6059545b206c4b230b97fd3651b473a,LPL,sup,Weibo Gaming,98,194.82161734693875,0.06793616224489796,0.09704122448979592,1.0085489795918368,0.011746522411128285,0.10675609155796209,0.2454031117397454,523.9153357142858,0.773968253968254,0.054963084495488104,2.0088683673469387,0.38500204081632655,0.0005767981297848204,-1.1853504978305527,0.19913650042359324,-0.4493558390620301,0.5908876980629353,-0.011310463374676137,0.010916946143148304,-0.16920265717090147,0.6646494176070786,-0.5297100019459491,1.0660379824792168,-0.793508329065095,0,sup_0,Inisiator Garda Depan,-0.5868753316259034,-1.078703831447991
ppgod,oe:player:615b1f347cdf6bc6df1883ed9e18496,LPL,sup,Ninjas in Pyjamas,59,188.04633559322033,0.0710490033898305,0.09614178644067797,1.0584796610169491,0.009268292682926829,0.1165602015626193,0.22854291417165667,537.9359661016949,0.7337078651685394,0.05359877488514548,1.8401813559322033,0.3561440677966102,-0.30794814458368325,-0.7675060079110756,-0.025393156555129467,0.0596264729976896,0.13207340222770747,0.4353800618678914,-0.5146618142729802,0.14486307121503775,-0.5547444471217314,-0.6052829429537989,-0.24552464744373073,-1.3428845469078474,0,sup_0,Inisiator Garda Depan,-0.925462394846456,-0.6620929297410894
Niket,oe:player:6ad53ca055b82d5e23b83df6093df11,LPL,sup,Ninjas in Pyjamas,48,176.1781,0.07076352500000001,0.09262758333333333,1.0846562499999999,0.011723329425556858,0.1163778190167647,0.2708638360175695,537.1138979166667,0.7556818181818182,0.03571428571428571,1.9354812499999998,0.41470416666666665,-0.8483901276050768,-0.8058264896278967,-0.9026551525530129,0.3264648257330323,0.5865937969680625,0.42707042895229064,0.8045977942586524,0.126448532340548,0.11079566034045335,-1.5959550270751486,0.4954439585364389,-0.22806176944703976,0,sup_0,Inisiator Garda Depan,-1.472029606460986,-1.076631787072118
OvO,oe:player:a7bb2d8b4e4c1a1fde8c3e584ef6835,LPL,sup,LNG Esports,11,173.2104909090909,0.0687273181818182,0.086169,0.9910363636363637,0.0113314447592068,0.163691852399889,0.31216931216931215,637.2564454545454,0.696969696969697,0.017391304347826087,1.9558909090909091,0.35969090909090906,-0.9835256773947523,-1.0791516481245982,-2.514932398133119,-0.6278755689118926,0.5140410851698246,2.582771498525421,2.092203165818471,2.369667365293414,-1.6674584133455497,-2.6109164254249224,0.6541316128413125,-1.2753624706269138,0,sup_0,Inisiator Garda Depan,-5.44690074913537,0.3203132317268085
Hang,oe:player:ab2455e33b8ddb6a9d2d41107a2ed4f,LPL,sup,Top Esports,67,188.6853537313433,0.06950134029850746,0.10060449104477612,1.0443611940298507,0.011175681716584712,0.10775646114832314,0.24346917450365727,558.5975895522388,0.7634892086330936,0.0706713780918728,1.9684552238805972,0.3993462686567164,-0.2788492758393609,-0.9752527141680983,1.0886463650530163,-0.08429405371512996,0.48520343952925216,0.03426793359789992,-0.049369200039955055,0.6076887530373353,0.3472634218215572,0.34041649741619995,0.7518207331270943,-0.5204337914513808,0,sup_0,Inisiator Garda Depan,-0.15624667224393501,-0.22176624958968139
Jwei,oe:player:dfe5b204f04f40a84019af080662259,LPL,sup,FunPlus Phoenix,96,187.87736145833333,0.07770742291666667,0.09409470729166668,1.1499145833333333,0.013675690761931342,0.12783345611422334,0.23563892145369286,576.8485645833333,0.7702596380802518,0.056179775280898875,1.923859375,0.37669895833333333,-0.31564269326536143,0.12627037877987995,-0.536412208491555,0.9916938278843717,0.9480499128281032,0.9490071013908163,-0.29345973783615137,1.016515289969781,0.5523240378656459,-0.46231408224151255,0.40508242558972324,-0.9515761201683267,0,sup_0,Inisiator Garda Depan,-0.7558116709337508,0.0075136701203523185
Ceos,oe:player:c88cada1696defe81464925789aa6d8,LTA N,sup,Shopify Rebellion,38,152.9918605263158,0.06280970789473683,0.08891558157894737,1.0103578947368421,0.007407407407407408,0.1024937655860349,0.2424778761061947,521.8983342105263,0.7489270386266095,0.04011461318051576,1.662742105263158,0.4475657894736842,-1.9042182784318906,-1.8734873487988917,-1.829294270649074,-0.43091615855805826,-0.21244702604478452,-0.20550867476263196,-0.08027069931579837,-0.21438400985834086,-0.09379095674843936,-1.352208530312503,-1.6251370331707873,0.3975328985346639,0,sup_0,Inisiator Garda Depan,-1.4966142953717683,-2.731750862871482
Winsome,oe:player:f7ead1102c4739cf2a094369019fff5,LTA S,sup,LOUD,10,151.74964,0.05752786,0.10156107,0.98742,0.015915119363395226,0.09197214557876757,0.25735294117647056,669.84492,0.7784810126582279,0.04065040650406504,1.8938200000000003,0.43967999999999996,-1.9607850797326245,-2.5824830657828377,1.3274402929951492,-0.6647399791772682,1.3626530648932682,-0.6848900735042183,0.3834260177109337,3.0996575805904403,0.8013304190482475,-1.3225294333347866,0.17152252464764292,0.24740921546111821,0,sup_0,Inisiator Garda Depan,-1.3643808224629947,-1.699859406633647
Kellin,oe:player:b0ec3df39d61f953e7af0afd8eb8c4a,LCK,sup,BNK FEARX,75,220.36152933333332,0.08130132,0.095869716,0.9118093333333334,0.0074801309022907905,0.12213589907940242,0.23904052936311002,536.5377440000001,0.773011617515639,0.06242774566473988,2.000062666666667,0.41203066666666666,1.16358376506291,0.6086882162763874,-0.09331098900549523,-1.435498375376948,-0.19898314950586032,0.6894175268884212,-0.18742225747845045,0.1135425363546037,0.6356751166658282,-0.11622145513011266,0.9975725573959751,-0.2789578361042201,1,sup_1,Penyergap Mandiri,-0.44060482444970983,0.7033863311137665
Life,oe:player:dea5251e486aed942e1bc06e1d5c116,LCK,sup,DN SOOPers,65,180.48095538461538,0.07661264923076923,0.09470282153846155,0.9990892307692307,0.003793266951161688,0.12756378189094547,0.2638215324927255,571.4235030769231,0.7647887323943662,0.0847145488029466,1.8835907692307694,0.4338215384615385,-0.652451676733389,-0.020683844408080385,-0.3846066634952913,-0.5457864242214914,-0.8815614707679623,0.936720323663603,0.5850698117356556,0.8949925162805666,0.3866229846277758,1.1183071636298763,0.0919889749258104,0.13588026503281705,1,sup_1,Penyergap Mandiri,-1.0814962859922075,0.7641144314230621
Lehends,oe:player:e4e24b8656e4e6a74b939af730b0148,LCK,sup,Nongshim RedForce,71,233.21040281690142,0.09234601690140845,0.09864308169014084,1.063450704225352,0.006057983556901774,0.1547548189185477,0.2719227674979887,618.5513140845071,0.667420814479638,0.11016949152542373,1.9754577464788732,0.37331408450704223,1.7486809019125786,2.091245638326992,0.59901334360924,0.11030018690156485,-0.46227655020368214,2.1755863304689207,0.8376076028683521,1.9506676095077304,-2.562425578149134,2.528327931746325,0.8062662229016994,-1.016014782554359,1,sup_1,Penyergap Mandiri,-1.2299427190502399,5.111378153069186
SiuLoong,oe:player:397fee5de074b10600707b618fb1f29,LCP,sup,MGN Vikings Esports,49,205.55644897959183,0.07861040408163265,0.09679616530612244,0.9592061224489796,0.003970880211780278,0.10232801464818204,0.28496503496503495,502.19934897959183,0.722972972972973,0.09719626168224299,1.897034693877551,0.4128183673469388,0.4894071427402274,0.24747980987993132,0.13796157625438243,-0.9523460005296163,-0.8486785212276633,-0.21306054570795696,1.2441709744221772,-0.6556463478608575,-0.8798794513294296,1.8097042951556859,0.1965171719597087,-0.2639621875801744,1,sup_1,Penyergap Mandiri,-0.3763581807982013,1.242587493777122
Nisqy,oe:player:7adc518d589f32912c06de8dae7848e,LEC,sup,Team Vitality,21,218.25584761904761,0.08438913333333334,0.09720247142857144,0.9743380952380953,0.0,0.1468317137494357,0.29512893982808025,618.9384857142858,0.7161290322580646,0.0990990990990991,1.8768380952380954,0.4147619047619048,1.067697667054329,1.0231731601462712,0.23938910024149215,-0.798094020055838,-1.5838390220809184,1.8145973158759048,1.5610078618509151,1.9593403536395495,-1.0871665532956738,1.91510780383249,0.039486089335710184,-0.22696259535169724,1,sup_1,Penyergap Mandiri,-1.578791010742828,3.7622623327414293
MISSING,oe:player:10d1208b485425756fcc932229386b0,LPL,sup,JD Gaming,61,212.38804918032787,0.07896237540983607,0.09747012131147541,1.0439950819672132,0.006283228612856452,0.12795724800637295,0.3216520650813517,583.8982426229509,0.7103718199608611,0.06887052341597796,2.1156721311475413,0.3856327868852459,0.8004966497436286,0.2947258058212449,0.3062034144210587,-0.0880261190263888,-0.420575149174483,0.9546472528475846,2.387806672284804,1.1744298920398226,-1.2615391702138932,0.2406620991818195,1.896450615681817,-0.7815006634703793,1,sup_1,Penyergap Mandiri,-1.9864213892294027,2.4926805687275806
Vampire,oe:player:41ad87cfc159526f62529db61162a2a,LPL,sup,Team WE,104,208.54601634615386,0.07980247788461538,0.0977937673076923,0.9982778846153846,0.006024096385542169,0.13137727173199037,0.25243832472748134,553.9464778846154,0.757085020242915,0.0784313725490196,1.8750009615384615,0.42895673076923074,0.6255426030847946,0.40749487231398995,0.3869962212012261,-0.5540571072860665,-0.46855035060574923,1.1104688617047267,0.2302238971100849,0.5035026548852678,0.15329539855183325,0.7702643844980196,0.02520214484938663,0.04326774340122604,1,sup_1,Penyergap Mandiri,-0.2730849187638129,1.377794696661936
Rosielove,oe:player:b0bc58cfe06ee4ee966c77790520a9b,LPL,sup,Ultra Prime,12,219.50819166666668,0.09816024166666666,0.09813991666666666,1.013975,0.0,0.12420303055394552,0.24154589371980675,521.0445833333333,0.6666666666666666,0.05,1.8030083333333333,0.41485,1.1247254615570699,2.871703640583691,0.47340661590282335,-0.3940441883133347,-1.5838390220809184,0.7835992571699537,-0.10932315527838705,-0.23350824918972882,-2.5852669675060698,-0.8046291910736298,-0.5345495514542135,-0.22528550497942323,1,sup_1,Penyergap Mandiri,-0.14088708508629594,2.7088669853351526
Guigs,oe:player:c7c0cc0b057c316e22af5c5da55c0c8,LTA S,sup,Fluxo W7M,20,178.083115,0.08561796,0.09589229,1.07528,0.0084985835694051,0.10318925617744505,0.21656050955414013,509.91078500000003,0.698019801980198,0.11347517730496454,1.85041,0.440665,-0.7616417582961948,1.1881216518380668,-0.08767576767856695,0.23088540908502214,-0.010428941642861034,-0.17382103994104306,-0.8881863438786403,-0.48290819674134783,-1.635653166419198,2.7114391511600675,-0.16599565939899144,0.26616089889381817,1,sup_1,Penyergap Mandiri,0.6552513449142638,1.168279997110323
Duro,oe:player:605821ebcf6a2e53f03ec6e8e463d1b,LCK,sup,Gen.G,70,206.24930142857144,0.07119183714285714,0.09673032857142858,0.8049557142857142,0.012514220705346985,0.072648628890395,0.22943722943722944,463.56933285714285,0.7509976057462091,0.06376195536663125,1.82359,0.39450142857142856,0.520957456055685,-0.7483330742797345,0.12152653720760391,-2.524740511124213,0.7330177630313213,-1.5652995971593393,-0.48678354613271924,-1.5209686490572905,-0.031078277675481877,-0.04231583258757604,-0.3745245167159857,-0.6126661849147024,2,sup_2,Fasilitator Terkendali,0.16717297370109468,-1.7363487224991074
Keria,oe:player:db79ce6ad35451c938fbe2995dabd37,LCK,sup,T1,71,245.8167957746479,0.08644140563380283,0.09764409154929578,1.073092957746479,0.01106104055714871,0.08695018933877076,0.20815899581589958,534.0970338028169,0.7630901287553649,0.06074240719910011,2.0811957746478873,0.4073704225352113,2.3227362410839154,1.2986548287054065,0.3496321729226819,0.20859118455217626,0.4639790137862295,-0.9136982233030022,-1.1500846495379433,0.05886999990818948,0.33517621727765723,-0.20957708604886627,1.628392628160335,-0.36767603171046165,2,sup_2,Fasilitator Terkendali,1.585938938898198,0.9145689554700084
Kaiwing,oe:player:0103d21d116b61eb55fa351242208cf,LCP,sup,CTBC Flying Oyster,45,190.25903333333332,0.06924904222222222,0.10037595555555556,1.1272533333333332,0.008922880815806247,0.06614509246088193,0.21428571428571427,496.92562222222216,0.7594405594405594,0.055248618784530384,1.7166422222222224,0.4251822222222222,-0.20718887458935212,-1.0091193190106515,1.0315963046820136,0.7606900624648533,0.06812456779052396,-1.8616108484869338,-0.9590979730307575,-0.7737791842309766,0.22463922138536208,-0.5138934557471054,-1.2060568766187354,-0.02858848947950887,2,sup_2,Fasilitator Terkendali,1.84866390770703,-1.8303537383850639
Taki,oe:player:1b90b5086aa57992143a92a2899b8e0,LCP,sup,Team Secret Whales,45,205.8468288888889,0.07915942444444445,0.09963304666666666,1.0012533333333333,0.017976031957390146,0.08609547177251517,0.23518850987432674,502.34076222222217,0.7471751412429378,0.07939508506616257,1.9748866666666667,0.44961111111111113,0.5026301271322563,0.32117619295041105,0.846141533058497,-0.5237260418038518,1.7442061347444529,-0.9526404871518774,-0.3075003063766037,-0.6524786548382957,-0.14685186810503337,0.8236471274285492,0.8018260058742488,0.43647018164439066,2,sup_2,Fasilitator Terkendali,1.1910199467603109,0.07023023012756129
Elio,oe:player:21d0c093d9553e0074a98c5b5880b4c,LCP,sup,GAM Esports,48,197.99528750000002,0.08309399375,0.0962578375,1.0728125,0.005984440454817474,0.08618413409237334,0.22666666666666666,503.46842291666667,0.7862371888726208,0.04655493482309125,1.8130291666666667,0.3860645833333333,0.14509571819200792,0.8493233189960345,0.0035770483046104425,0.20573226037642597,-0.47589216711456256,-0.9486008937356615,-0.5731496127655037,-0.6272187651195745,1.0362470199940719,-0.9954610267574228,-0.45663631788359277,-0.7732804499659124,2,sup_2,Fasilitator Terkendali,0.8912795032774119,-0.9225635541658035
Woody,oe:player:31b5f1d49f55acb4ee7624813bda6b2,LCP,sup,PSG Talon,47,199.68547872340426,0.07597931914893617,0.10060027234042553,1.0563617021276597,0.012586532410320957,0.08871822033898305,0.24319419237749546,454.67202127659573,0.7821939586645469,0.07723577235772358,1.7602297872340427,0.3888,0.22206169087490166,-0.10569733294571294,1.087593236111382,0.03803646898513061,0.7464054016431605,-0.8331439765886333,-0.05794114971142613,-1.7202707178665908,0.9137869480375259,0.7040367320349563,-0.8671581023776818,-0.7212056607376243,2,sup_2,Fasilitator Terkendali,1.5350232060055533,-0.9172436744685145
Luon,oe:player:c60da5e574122ce50763b8bddb93ab9,LCP,sup,Chiefs Esports Club,47,182.52751276595745,0.08567627234042553,0.09295825319148937,1.0644574468085106,0.009085009733939001,0.11816838995568686,0.23056300268096513,495.5099744680851,0.8082788671023965,0.07547169811320754,1.8903170212765956,0.3369531914893617,-0.5592579142021328,1.1959490638410148,-0.8201089561831928,0.12056269790681849,0.09814077837871373,0.5086516303883495,-0.451690095800196,-0.8054900581899852,1.7038383672963497,0.6063197051932283,0.1442864265716804,-1.7082259045825894,2,sup_2,Fasilitator Terkendali,-0.1594654029469409,-0.5426994179085134
Jun,oe:player:054e5f8aeb885db6713f4a3e7328efc,LEC,sup,GiantX,40,204.27138,0.0790712,0.10103177999999999,0.9931825,0.009701492537313432,0.0843572345497891,0.21657250470809794,516.7368375,0.7562724014336918,0.07582938388625593,1.9433399999999998,0.4083025,0.4308891581421945,0.30933360405141347,1.1953119020972818,-0.6059983299641856,0.2122751219813314,-1.031837282949441,-0.8878124219170094,-0.3300028643007784,0.12868305823739834,0.6261329247300638,0.5565467235416562,-0.34993184739120103,2,sup_2,Fasilitator Terkendali,1.1619600826194867,-0.06832092053964119
Wink,oe:player:39d7885ab4602a7f8d202883d253f5e,LPL,sup,JD Gaming,47,171.78026808510637,0.07310579148936171,0.09524518723404254,1.0528702127659575,0.009919404835709857,0.09649738248151547,0.2285276073619632,473.7067255319149,0.7481884057971014,0.07263922518159806,1.9194106382978724,0.3589574468085106,-1.0486535098417427,-0.491418172295008,-0.2492141440157661,0.002444999429153237,0.2526189515322551,-0.4787132305296593,-0.5151389696581489,-1.2938884446468164,-0.116162433215546,0.4494210744541999,0.3704929408395806,-1.2893255696414938,2,sup_2,Fasilitator Terkendali,-0.2660982336464938,-1.450817342903456
Erha,oe:player:a7128975a782c11d8c34525be8e1b6c,LPL,sup,Weibo Gaming,32,194.211865625,0.076735971875,0.09430212187499999,0.99186875,0.003827751196172249,0.10126182965299683,0.2356828193832599,484.764628125,0.7559912854030502,0.04610951008645533,1.900496875,0.38725,-0.02718937041034196,-0.004129935944741183,-0.4846346288195759,-0.6193904066069079,-0.8751771293923898,-0.26163759505550527,-0.29209131855675025,-1.0461885812058125,0.12016870521545871,-1.0201343539040149,0.22343606358121257,-0.7507133859362887,2,sup_2,Fasilitator Terkendali,-0.4071019824110312,-1.0340112801840748
Zhuo,oe:player:e78da55d6db43d982f841204a8e51ac,LPL,sup,JD Gaming,57,180.2719649122807,0.07780774385964913,0.0891657298245614,1.1337701754385965,0.0048638132295719845,0.09612655747910392,0.21160822249093109,493.3753122807018,0.7515527950310559,0.03925619834710744,1.971321052631579,0.45842280701754384,-0.6619684430980246,0.13973671107794333,-1.7668489473312217,0.8271213080916511,-0.6833627600922119,-0.49560859533295154,-1.0425627612008541,-0.8533070404663681,-0.014262881006731265,-1.3997585388103093,0.774102910409287,0.6042205696064641,2,sup_2,Fasilitator Terkendali,0.06401344026231187,-1.4910971168837273
CoreJJ,oe:player:05fafeaf23dc3285558a4e968970b9f,LTA N,sup,Team Liquid,36,197.17570833333332,0.07207218611111112,0.09882976111111111,1.0440972222222222,0.008935824532900082,0.07991587802313355,0.18269230769230768,508.1201972222222,0.7394495412844037,0.08188585607940446,1.6911,0.4741888888888888,0.10777467020662782,-0.6301616198224292,0.6456147369976403,-0.08698492388013757,0.07052094064341861,-1.2341924053153537,-1.9439514071395783,-0.52301782370732,-0.3808423851278718,0.9616179292324887,-1.404650851761791,0.904363286586654,2,sup_2,Fasilitator Terkendali,2.0176211113423848,-0.8861525665930133
Busio,oe:player:3e722c8ede909c83af9342c41805a16,LTA N,sup,FlyQuest,41,222.02828536585366,0.07780477804878048,0.09787229268292683,1.0514463414634145,0.008771929824561403,0.06524295414027236,0.2123456790123457,441.4433268292683,0.7433380084151473,0.06981132075471698,1.8597853658536585,0.4015390243902439,1.2394825731336507,0.1393386028315192,0.4065987670161632,-0.012069629391420034,0.040177815330292604,-1.902713675779071,-1.0195742118187596,-2.0165968774182983,-0.26306972808731055,0.2927755060228154,-0.09310101628220747,-0.47868976976575134,2,sup_2,Fasilitator Terkendali,2.0036124077555804,-0.8837632785372999
Vulcan,oe:player:81acc6bcde5c927c78e0990e9887f84,LTA N,sup,Cloud9,43,187.6636976744186,0.06970268604651163,0.09624173953488373,1.0605,0.006697923643670462,0.06463927304237854,0.19246861924686193,464.6876395348838,0.7702503681885126,0.05162523900573614,1.6444953488372094,0.41333255813953484,-0.3253722674865456,-0.9482255684015325,-0.0004415392892282137,0.08022136129858168,-0.3437993739571537,-1.930218327049722,-1.6391968698612251,-1.4959182917196512,0.5520432743298108,-0.7146026380294802,-1.7670078485042906,-0.25417341299462065,2,sup_2,Fasilitator Terkendali,1.6588059153659813,-2.7643315449928743
Lyonz,oe:player:a2d7b8856032bf106783621b9afeb41,LTA N,sup,LYON,33,185.99069696969698,0.0760887393939394,0.09700547575757576,1.0626060606060608,0.012037833190025795,0.08408553216497641,0.19456066945606695,488.6476333333333,0.7910798122065728,0.08011869436201781,1.7612666666666668,0.40172424242424243,-0.40155543821602013,-0.09100957846949552,0.19021242767540497,0.10169007684612434,0.6448203695857134,-1.0442164668757727,-1.5739819071514543,-0.9592082653865783,1.1829188569698588,0.8637298785972276,-0.8590962349928721,-0.4751637292179674,2,sup_2,Fasilitator Terkendali,1.594233436512038,-1.5714359503256616
Eyla,oe:player:dbe844fcbbc7f54654e54242e79acac,LTA N,sup,100 Thieves,48,203.79950208333332,0.07219428541666666,0.09496362083333333,1.03199375,0.004881025015253203,0.09305714583116477,0.21976401179941002,486.6514625,0.7614080834419817,0.04280821917808219,1.7684083333333334,0.46015416666666664,0.4094013274512517,-0.6137719231838998,-0.3195024839742225,-0.210365040068956,-0.6801762059009157,-0.6354557717265557,-0.7883243622939196,-1.0039230056964434,0.2842309632330723,-1.203002129060696,-0.8035688826685302,0.6371808823460587,2,sup_2,Fasilitator Terkendali,0.8067310518043703,-1.3836808195647934
RedBert,oe:player:0c041d02ab7138f57164fafbc091b2d,LTA S,sup,LOUD,37,174.95584864864864,0.0699298081081081,0.09381576486486486,1.1012972972972972,0.01614142966948501,0.09730591245264025,0.22568093385214008,508.98869459459456,0.7784810126582279,0.056910569105691054,1.8713378378378376,0.3930810810810811,-0.9040475957170383,-0.9177384032817412,-0.6060455172759069,0.49609997764212677,1.404551684116191,-0.4418753454687487,-0.6038776175037724,-0.5035632590894302,0.8013304190482475,-0.4218333598371233,-0.003279100471340709,-0.6397056839029513,2,sup_2,Fasilitator Terkendali,-0.025333769093737028,-2.004464640007364
Ackerman,oe:player:145201414ecb853de684fbe7d6bb5b6,LTA S,sup,Isurus,37,212.37104324324326,0.08206952972972972,0.09470577837837837,1.1959891891891892,0.005649717514124294,0.07848048424128574,0.16906474820143885,499.0356756756757,0.7450980392156863,0.05555555555555555,1.7863000000000002,0.4289864864864865,0.7997222530534929,0.7118069389239103,-0.3838685378924022,1.4613681593057568,-0.5378620759516638,-1.299591182158834,-2.3687599419021876,-0.7265134439267984,-0.20976247438472845,-0.49689136596192857,-0.6644589346634375,0.0438342101934019,2,sup_2,Fasilitator Terkendali,2.234460607208536,-0.7336453792902302
Kuri,oe:player:87b0ff8e56b0ce96bc0a82ea5dc9a7e,LTA S,sup,paiN Gaming,46,193.23831739130438,0.0743739195652174,0.09546614565217391,1.186091304347826,0.03018867924528302,0.09248235394166171,0.2283464566929134,486.5240739130435,0.7414561664190193,0.07214428857715431,2.2029521739130438,0.3970217391304348,-0.07152168365545451,-0.3211941536774529,-0.1940555726408388,1.360471312572075,4.005230244783325,-0.6616441856575831,-0.5207859345708229,-1.0067765428231674,-0.32006636058092697,0.4220051458946559,2.5750638738648366,-0.5646864227273157,2,sup_2,Fasilitator Terkendali,0.5855382091071879,-0.9186261104783432
Trymbi,oe:player:8b73af38e98bccab6f86930c75a9450,LTA S,sup,Vivo Keyd Stars,39,194.0611358974359,0.0712333717948718,0.0973224923076923,1.0751641025641026,0.017341040462427744,0.09663329596845889,0.2648305084745763,536.7294179487179,0.7639751552795031,0.06910569105691057,1.6278948717948718,0.4419820512820513,-0.034053126376861295,-0.7427577735570166,0.2693503041795714,0.22970397628256065,1.626645130489221,-0.47252080033033833,0.6165223699686905,0.1178360821263213,0.36198161945658724,0.2536886952861245,-1.8960786355496166,0.2912339229604761,2,sup_2,Fasilitator Terkendali,0.5564006773512602,-0.5733570334464759
TopLop,oe:player:9d8b079deedcc90dda4617fb4ffac40,LTA S,sup,Leviatan,15,206.98550000000003,0.08288753333333333,0.09469604000000001,1.1328866666666668,0.003389830508474576,0.09022556390977444,0.24352331606217617,488.44445333333334,0.7526881720430108,0.10714285714285714,1.7829000000000002,0.4905666666666667,0.5544816149515251,0.8216096184009741,-0.3862995610840136,0.8181150152747533,-0.9562528544033655,-0.7644670552731877,-0.047681458653862314,-0.9637595496676868,0.020125057207658673,2.360674152932444,-0.6908943602740935,1.2161510066069536,2,sup_2,Fasilitator Terkendali,1.9060691656449535,0.9568390852234123
JoJo,oe:player:cb4cd2fd258d5961d2f1c4815b04123,LTA S,sup,FURIA,40,213.3745525,0.083336095,0.0959612225,1.1193975,0.013058419243986255,0.08288763275962586,0.22755741127348644,449.9146925,0.74,0.08108108108108109,1.7968,0.42158750000000006,0.8454188967072251,0.8818211782201711,-0.07046792263035873,0.6806094367046626,0.8337695482508227,-1.098794629943059,-0.5453826518856517,-1.826836106590815,-0.36417026643761635,0.917039181848593,-0.582820120277592,-0.0970220865755496,2,sup_2,Fasilitator Terkendali,1.8660762311386894,-0.09130171145863092
Delight,oe:player:051ca2e31ba25123961b3df95fdef4c,LCK,sup,Hanwha Life Esports,70,202.0085742857143,0.07326134,0.10140101428571428,1.2461200000000001,0.012806830309498399,0.09852072949126814,0.2312435765673176,542.8736514285714,0.7587382779198636,0.058426966292134834,1.8904314285714285,0.4772557142857143,0.32784812918593725,-0.47053850479536824,1.2874850624361354,1.9723905460157038,0.7871908963593556,-0.3865263886740433,-0.43047473470397024,0.25546849307386105,0.20336874181028644,-0.33783586084801503,0.14517595761046626,0.9627471840329836,3,sup_3,Pengendali Penglihatan,1.8335460891228044,0.03187886279210402
BeryL,oe:player:dee54127bb56d2e2540ba71cc416f1c,LCK,sup,Dplus Kia,77,234.82324935064938,0.0888567064935065,0.09834835584415584,1.2294701298701298,0.01665065642010887,0.10986469295709494,0.27562862669245647,594.0581935064936,0.7207130730050934,0.0706713780918728,1.6972155844155843,0.47581428571428575,1.8221248415918558,1.6228667331155888,0.5254399683593588,1.8026654561046889,1.4988288652625525,0.13032225913545703,0.9531294331339429,1.4020154061313075,-0.9483265835576421,0.34041649741619995,-1.3571014173841849,0.9353063594012307,3,sup_3,Pengendali Penglihatan,1.358502417381798,2.824975646325219
Peter,oe:player:ee051912ad5f9a97aa9ce4980cbb481,LCK,sup,KT Rolster,67,195.73216865671642,0.07577849701492537,0.09937054776119403,1.0435014925373134,0.005752212389380531,0.11115874571288584,0.2682926829268293,558.3258910447761,0.7681592039800995,0.05310880829015544,1.8503925373134327,0.5018417910447761,0.04204043032967835,-0.13265419269003004,0.7806130741936995,-0.09305766039670771,-0.5188863879909118,0.1892813186422599,0.7244478761563261,0.6016026365582734,0.4887067571748295,-0.6324235687313305,-0.16613143397302546,1.4307982786908346,3,sup_3,Pengendali Penglihatan,0.329824567557474,0.44335380187007517
Harp,oe:player:0015d99e65183977a9e65547b37f1cb,LCP,sup,DetonatioN FocusMe,47,212.6322106382979,0.08716464893617021,0.10460628085106383,1.1001234042553192,0.007917174177831911,0.11032361594009094,0.2154046997389034,566.7196021276595,0.8149405772495756,0.08958333333333333,1.6578085106382978,0.5149234042553191,0.8116149917655963,1.395737594800727,2.087626220739442,0.48413357186589234,-0.11806986675606176,0.15123150517849268,-0.9242161168107605,0.7896239246363236,1.905606127724173,1.3880028128472444,-1.6634963489644985,1.679836115963043,3,sup_3,Pengendali Penglihatan,3.108752820407945,1.5007949400655978
Stend,oe:player:41672e17bc1f86dc5d93955c031d2a9,LEC,sup,Team Heretics,41,171.48478048780487,0.0712291756097561,0.09537175853658536,1.1055,0.003952569169960474,0.09442008529040782,0.21943048576214405,532.9545146341463,0.7780126849894292,0.0625,1.8443829268292682,0.5208365853658536,-1.0621090822214379,-0.7433210380307372,-0.217617736490914,0.5389413985374046,-0.8520685894134161,-0.5733581266946355,-0.7987212867976116,0.03327727654350742,0.7871458594093229,-0.11221908457230131,-0.21285690776806818,1.7924067761305182,3,sup_3,Pengendali Penglihatan,0.9739692981016154,-1.194239393574536
Mikyx,oe:player:9d5052e9f9f4a63835f738441a3b1f6,LEC,sup,Fnatic,39,224.74205641025642,0.08234444871794872,0.09977317179487179,1.0468102564102564,0.01145912910618793,0.09692535679478793,0.279445727482679,537.8627923076923,0.7393364928909952,0.06623931623931624,1.8701307692307694,0.47905128205128206,1.3630591396066718,0.7487100056250647,0.8811214263383642,-0.05932885401868811,0.5376802995181428,-0.45921405409292093,1.0721189700955787,0.14322395940071905,-0.3842663589505154,0.09491214386826713,-0.0126642099916669,0.9969298422277927,3,sup_3,Pengendali Penglihatan,0.9390807962409639,1.4888561459750866
Targamas,oe:player:eaf899c6268995f9b1e40d1932c6888,LEC,sup,Karmine Corp,44,185.08517954545457,0.06708106818181818,0.09672462272727272,1.1219886363636364,0.0024390243902439024,0.09846041640551105,0.266173752310536,512.037675,0.7503566333808844,0.04182509505703422,1.7605295454545455,0.5348795454545455,-0.44278984315971304,-1.3001319228969723,0.12010216870068599,0.7070229071317327,-1.1322831209470694,-0.3892743468204774,0.6583949771780232,-0.43526531346224534,-0.05049184503137301,-1.2574601352494041,-0.8648274446896564,2.0597460066291853,3,sup_3,Pengendali Penglihatan,0.5981648085912304,-0.9180581515986916
Alvaro,oe:player:f5bf9bd732b85e4dcab5121e4769ae4,LEC,sup,Movistar KOI,41,177.57608780487806,0.06882585609756098,0.10063433902439026,1.0442170731707316,0.0048543689320388345,0.08315457109113258,0.24678111587982832,527.8012707317073,0.7921440261865794,0.05991735537190083,1.9763170731707316,0.48968292682926834,-0.7847301761680144,-1.0659246560539302,1.0960974136614698,-0.08576318984539652,-0.6851112576883065,-1.0866325037070754,0.05387312769844946,-0.0821567128742103,1.2151514318820007,-0.2552790239320799,0.8129475955010739,1.1993270374011062,3,sup_3,Pengendali Penglihatan,0.9554561915643324,-1.1890467278417667
Ycx,oe:player:397bcf46311de3cf780469b2a842b67,LPL,sup,LGD Gaming,55,199.28119272727272,0.07827854909090909,0.10152838181818181,1.1930272727272728,0.0023820867079561697,0.11945007888212757,0.25088757396449707,555.0062054545455,0.7843373493975904,0.06912442396313365,1.7079527272727273,0.49600727272727274,0.2036517828695433,0.2029340804739016,1.3192802354368842,1.4311750386455668,-1.1428244449849725,0.5670473745688432,0.1818827278899644,0.5272408251347039,0.9787052855774836,0.2547263635735645,-1.2736187875986011,1.3197251411556965,3,sup_3,Pengendali Penglihatan,1.6418129784698565,0.9780281760700861
ON,oe:player:90651ebea9a35ec4e018c8157492e17,LPL,sup,Bilibili Gaming,98,244.05984183673468,0.08483553979591836,0.10335149285714286,1.1448918367346939,0.007105766602896966,0.12113682248796397,0.27406886858749124,577.6144040816326,0.7404708520179372,0.07040121120363362,2.014604081632653,0.48151326530612243,2.2427301051402138,1.083095421505239,1.7743893967776525,0.9404930610672815,-0.26829217701755964,0.64389804096107,0.9045074802744925,1.0336702917931009,-0.34990925011400253,0.3254511947074941,1.1106338790450905,1.0437992134068528,3,sup_3,Pengendali Penglihatan,1.2530926439405707,3.1729164683339555
Meiko,oe:player:bda7cc061d7a1576f1dcad33dd505cd,LPL,sup,Invictus Gaming,96,203.43471458333332,0.07368828229166667,0.09860567604166666,1.0180895833333332,0.007444168734491315,0.1108203305879721,0.25,575.358740625,0.774074074074074,0.06140350877192982,1.7807354166666667,0.4345833333333333,0.3927900562700461,-0.41322896801514136,0.5896756494465226,-0.35210103676024973,-0.20564111043170202,0.1738625983478181,0.15421460465747497,0.983142849950182,0.6678544633517646,-0.17295681321276893,-0.7077242666524469,0.1503827384100261,3,sup_3,Pengendali Penglihatan,0.0628211954070089,0.22332932070151035
Kael,oe:player:d24f38ec30ce6f7577066f80e43e4bf,LPL,sup,Anyone's Legend,93,229.41590215053762,0.08009018817204301,0.09938529139784945,1.1369967741935485,0.014847161572052401,0.10751282637822293,0.26510878323932313,514.8874999999999,0.7409356725146199,0.05130228887134965,1.9931870967741936,0.49172150537634407,1.5758913201252818,0.4461149472543676,0.7842935763518046,0.8600125414477917,1.1649335813277515,0.023167553923281903,0.6251969602467756,-0.37142850016166884,-0.3358309145898524,-0.7324917529850937,0.9441141408008742,1.23813595066756,3,sup_3,Pengendali Penglihatan,1.208071955094348,1.1081509330071926
Moham,oe:player:dfc279de8d7bd571aa8edfd7eb89c03,LPL,sup,Oh My God,32,190.26148125,0.086277609375,0.099557078125,1.187625,0.002477291494632535,0.12883019598979692,0.24813432835820895,546.413390625,0.8333333333333334,0.04516129032258064,1.895334375,0.506528125,-0.20707740419198584,1.2766680452418153,0.8271772579554874,1.3761054664982577,-1.1251984288566126,0.994420122903088,0.09605648492749252,0.3347595618991942,2.462680080376779,-1.0726589097193058,0.18329697984150448,1.5200131525875553,3,sup_3,Pengendali Penglihatan,1.4466885669369127,0.5502902385492506
Isles,oe:player:40704dfd2d966862568d29770de57bd,LTA N,sup,Dignitas,35,199.13569714285714,0.08448262857142856,0.09463504285714286,1.0884628571428572,0.0061162079510703364,0.10869714395509379,0.2395644283121597,549.7104114285714,0.7686567164179104,0.05501618122977346,1.9346257142857144,0.48266000000000003,0.19702637325875558,1.0357232609233042,-0.40152647701872296,0.36526853618470057,-0.45149700700521156,0.07712690772644706,-0.17109088537483966,0.4086136762696246,0.5037752558252256,-0.5267688247106374,0.48879206126224733,1.0656298793569916,3,sup_3,Pengendali Penglihatan,0.48472447942431307,0.5469933067348813
huhi,oe:player:9191e392e93a6ef011ef76b5b83ee6c,LTA N,sup,Disguised,37,196.23704864864865,0.08136311891891893,0.09619349189189189,1.1533513513513514,0.007907979870596693,0.12024708304735758,0.21987951807228914,548.1852135135134,0.7277628032345014,0.05185185185185185,1.9663081081081082,0.4612702702702703,0.06503107134657451,0.6169836404727976,-0.012485755943853498,1.0267274801778483,-0.11977208166851104,0.6033601259575968,-0.7847237138747695,0.37444885051716936,-0.7348065941581778,-0.7020499160363962,0.7351266392208886,0.6584284168159785,3,sup_3,Pengendali Penglihatan,0.2707206316522273,0.6727555422579574
ProDelta,oe:player:44744b6de7f1fa0b93d0e9b7ea328fc,LTA S,sup,Fluxo W7M,33,182.62883333333335,0.08080876666666666,0.09676539696969697,1.2718848484848486,0.004583651642475172,0.12298822964208503,0.2438095238095238,524.7387575757576,0.7280453257790368,0.07782101167315175,1.715439393939394,0.47346969696969693,-0.5546440954147167,0.5425715444828874,0.13028077597003615,2.235031707269534,-0.7352312934412939,0.7282510351358941,-0.03875957547515194,-0.15075779559575453,-0.7262496410902902,0.7364547813729071,-1.2154090170872955,0.8906718559307736,3,sup_3,Pengendali Penglihatan,0.9782365850444228,0.9932848535796533
frosty,oe:player:9d361f9d8214252ee571375f9105cb4,LTA S,sup,RED Canids,51,242.0763117647059,0.0873312294117647,0.10390292352941177,1.2541392156862745,0.009877704609595485,0.08163661985519219,0.20408163265306123,511.94195882352943,0.7897371714643304,0.07131537242472266,1.921064705882353,0.5751862745098039,2.1524064073091598,1.4180981106814157,1.9120448359860613,2.0541366553097915,0.24489865842822522,-1.1557927267719663,-1.2771872809416804,-0.43740938044432287,1.1422533807428423,0.37608915218378625,0.3833535233644426,2.8270749644482756,3,sup_3,Pengendali Penglihatan,4.749424838674845,1.3363532870080281
PerfecT,oe:player:29bef8f5895e5e4fef8ff0945e68567,LCK,top,KT Rolster,54,524.6414722222222,0.2079861851851852,0.20096324074074073,7.510037037037036,0.02069338275036677,0.08750215877036441,0.20079260237780713,751.4466648148148,0.5301353013530136,0.3248259860788863,0.46654074074074076,0.16383518518518517,-1.063253250868622,-1.1513287848050282,-1.5185667469401538,-1.1997198418552864,-0.35363251256895245,-0.1122176697308252,-0.18845037417069033,-1.5836827709970174,-1.4904426290758532,-0.42881590198745423,1.3506771827866562,-0.2273950404883953,0,top_0,Penahan Utilitas,-2.892219298034933,0.20699189795404155
Casting,oe:player:86a59ad7ba2334ad7505f303d3f2ab6,LCK,top,KT Rolster,19,622.454152631579,0.23817973684210525,0.20835452631578946,7.422178947368421,0.022144266608199955,0.09865760957464015,0.22181818181818183,810.5247,0.5836734693877551,0.3146853146853147,0.557878947368421,0.12771578947368423,0.6739496007316048,0.6422263026284931,-0.741900624154562,-1.4803415661787904,-0.19967152865472015,0.4882183657700837,0.5795864419286593,-0.6521347452465742,0.16475223785127727,-0.6264524035989563,2.9149964579199974,-1.0706617307924053,0,top_0,Penahan Utilitas,-0.670489406875054,2.1482480451246024
Clear,oe:player:d87853a5c1c5463889d70a62cdbcffc,LCK,top,BNK FEARX,65,607.3870446153846,0.2190214153846154,0.2104269076923077,7.740675384615384,0.019097876617665537,0.09158012049165765,0.18243243243243243,845.4655492307692,0.5654822335025381,0.3105924596050269,0.3402184615384615,0.18508307692307693,0.40635011463677806,-0.49581486944714825,-0.524137639313744,-0.4630531212757733,-0.5229401333724063,0.10727638853881236,-0.8591232803741855,-0.10118414208350493,-0.39765102258029017,-0.706220056871275,-0.8128027401376815,0.26867193374519277,0,top_0,Penahan Utilitas,-0.926382569897997,-0.01454355212403524
Evi,oe:player:376d5e3b1257e6972228d458943f74c,LCP,top,Fukuoka SoftBank HAWKS gaming,50,526.824306,0.21279166,0.20276242,7.193601999999999,0.02527075812274368,0.1397138883798148,0.24188129899216126,940.973222,0.5677966101694916,0.2955223880597015,0.401162,0.128402,-1.0244850150176588,-0.8658743308349075,-1.3295114648384425,-2.2104241044295914,0.13209707375948754,2.698050107285218,1.3124657748873296,1.4047898418736813,-0.32609937036851766,-0.9999280475612432,0.23095709958445312,-1.0546410175999692,0,top_0,Penahan Utilitas,-1.860240513781326,3.614118719811227
Driver,oe:player:48cf24486d9a8e65a142b25682f1994,LCP,top,CTBC Flying Oyster,26,604.4805615384615,0.21695765384615384,0.1963498846153846,8.115461538461538,0.014810146525917757,0.0585701249920421,0.2081447963800905,953.1256307692308,0.5208333333333334,0.26666666666666666,0.4737576923076923,0.10491538461538462,0.3547294999247859,-0.618406277328407,-2.0033318637156454,0.7340265914925728,-0.9779339222412385,-1.669468556819658,0.08011562130504843,1.5964101684739844,-1.7780238124384211,-1.5623113066431615,1.4742795268736788,-1.602974676889886,0,top_0,Penahan Utilitas,-2.116271048012876,0.9862285849411987
BioPanther,oe:player:c1ddab75d1d921ffed44398c4188d60,LCP,top,Chiefs Esports Club,43,493.47102790697676,0.23172543720930233,0.21709860465116282,7.775567441860465,0.004156195631161801,0.08982484155896002,0.17543859649122806,875.0259813953488,0.6372315035799523,0.2696629213483146,0.4532906976744186,0.1118860465116279,-1.6168561633281253,0.25882848067730024,0.17691510135245092,-0.3516067046026973,-2.1084811769196574,0.01279946043983578,-1.1145989263052103,0.3649275377807128,1.8205612901914163,-1.5039158345649153,1.1237480746918935,-1.4402331118475435,0,top_0,Penahan Utilitas,-1.3257708619709703,0.9897660001672867
RayFarky,oe:player:fdc16c7495d2f61f9f116432b4a1f1a,LCP,top,DetonatioN FocusMe,47,494.82306382978726,0.20116390212765956,0.19929021276595746,7.102193617021276,0.011945392491467578,0.0989569403583846,0.19321148825065274,856.6628234042553,0.5959252971137521,0.2934472934472934,0.31143617021276593,0.14137021276595746,-1.5928433190758,-1.5565855305092793,-1.6943662255684966,-2.502385586244917,-1.2819281719773372,0.50432968141732,-0.4653785212982112,0.07537553220832206,0.543531772283354,-1.0403705807813992,-1.305747530337273,-0.7518767646857075,0,top_0,Penahan Utilitas,-3.435686765148711,1.5163626975408386
Irrelevant,oe:player:027a5217b659e8bedb70978dea494d6,LEC,top,Team BDS,30,512.54504,0.1949984,0.19820343333333332,7.215363333333333,0.031377719182597234,0.08824645748987855,0.21830985915492956,850.8398633333333,0.5433255269320844,0.28879310344827586,0.39264,0.17732666666666666,-1.278092027013879,-1.922828224753949,-1.8085635136706752,-2.140917666187967,0.7801391127033505,-0.07215619841832702,0.45143202051189363,-0.01644145089018343,-1.0826514312537383,-1.1310783646687834,0.08500362233886043,0.08758578109174439,0,top_0,Penahan Utilitas,-3.3360417082617984,0.8103964922619561
1Jiang,oe:player:2cec4b6803b4678250233ae79205f2e,LPL,top,Ultra Prime,67,547.6933522388059,0.23982305970149256,0.21468858208955224,7.610307462686567,0.025227963525835867,0.09352252833317977,0.20949432404540763,849.2826358208955,0.6313868613138686,0.3236994219653179,0.4377417910447761,0.16360149253731343,-0.6538401611551055,0.7398428436780587,-0.0763267548505609,-0.87945269456635,0.12755591203205624,0.2118254277620768,0.12941209535692746,-0.04099596104456694,1.6398673622338975,-0.4507720606682157,0.8574470901855146,-0.23285097965452123,0,top_0,Penahan Utilitas,-0.03506527042606159,0.8300878173091673
sheer,oe:player:3ce68cf813bc34243279fd7fe3cecbb,LPL,top,FunPlus Phoenix,96,533.8172166666667,0.21998202083333332,0.21330732291666665,7.730263541666666,0.011376799602846268,0.09667007626548231,0.17819460726846426,830.0851572916666,0.6018882769472856,0.31633986928104574,0.35746562499999995,0.13455,-0.9002873721325245,-0.4387530567415361,-0.2214675690532394,-0.49630890150813783,-1.342264580095841,0.38124047294307895,-1.0139254705040674,-0.3437036114806838,0.7278842440685307,-0.5942059803263503,-0.517416272191817,-0.9111058473717951,0,top_0,Penahan Utilitas,-1.4005407804497674,0.32790609038870366
Hery,oe:player:407b2b8fcb2fd977fc766d5df3f4dff,LPL,top,Oh My God,32,506.2388625,0.220555596875,0.20897915625,7.7901187499999995,0.01511744127936032,0.09686480901488491,0.1865671641791045,885.4005374999999,0.5913978494623656,0.2727272727272727,0.354403125,0.146953125,-1.3900929402886082,-0.4046815358005574,-0.6762653697386327,-0.3051293318680903,-0.945325245580961,0.3917218566258139,-0.7080869574445608,0.5285145160380473,0.4035604511131312,-1.4441931926667089,-0.569866697451688,-0.6215344976261356,0,top_0,Penahan Utilitas,-1.7039565473784795,0.6195907812272258
HOYA,oe:player:57ac9f77eae511aeee1e854434f73f2,LPL,top,ThunderTalk Gaming,87,542.6479057471264,0.2184715977011494,0.20321409195402299,7.443931034482758,0.012857142857142857,0.09848729855564166,0.186159169550173,787.3022942528736,0.6033057851239669,0.2907153729071537,0.4661344827586207,0.13303563218390804,-0.7434498518031859,-0.5284750981789782,-1.282050397106702,-1.4108646606748807,-1.1851775033241152,0.47905146836326823,-0.7229904656536353,-1.0183078273252442,0.7717081615463869,-1.0936143155676472,1.3437193366062758,-0.9464612543774599,0,top_0,Penahan Utilitas,-2.374411286558496,1.2374736174850132
shanji,oe:player:708bbc09836488d812e6775a07d785f,LPL,top,Ninjas in Pyjamas,38,557.0868289473684,0.21315635,0.20321042105263157,7.546831578947369,0.033923618519308724,0.09938950265172262,0.20097244732576985,955.1717815789474,0.5757575757575758,0.29411764705882354,0.3270105263157895,0.13435,-0.48700724689224184,-0.8442110428498313,-1.2824361303762193,-1.082196824504051,1.0502979987578664,0.5276121101668163,-0.18188087430903135,1.6286740672513274,-0.07997684020219084,-1.0273057315733445,-1.0390106811120445,-0.915775176266661,0,top_0,Penahan Utilitas,-1.7354092289355554,1.1457976384442186
Cube,oe:player:b6603b64c5cabad210826735469838b,LPL,top,Team WE,104,565.8660884615384,0.21954731923076926,0.20743410576923077,7.8455221153846155,0.013529569583381243,0.09196409021239325,0.17670682730923695,867.8840807692306,0.573549257759784,0.2611764705882353,0.42264903846153845,0.15695961538461536,-0.3310831417647065,-0.46457516868296417,-0.838617149306984,-0.12816909990541098,-1.1138227357988217,0.1279433486568663,-1.0682721193648892,0.252313375723499,-0.14824956503871883,-1.6693124216571251,0.598958505260505,-0.38791652418073047,0,top_0,Penahan Utilitas,-1.674233839029595,0.5545792168502091
sasi,oe:player:e85e46c5f3d3fcce55af9ca6a4cb45c,LPL,top,LGD Gaming,55,556.295,0.2158038,0.21498027272727271,7.769638181818182,0.02451877332942985,0.08902411539328375,0.18698224852071005,812.4647618181818,0.6096385542168675,0.3201581027667984,0.3174072727272727,0.12546,-0.5010705309121787,-0.6869474168220004,-0.04567630380913685,-0.3705449626880224,0.052299977636270895,-0.030299187286370183,-0.6929244713383635,-0.6215436676845659,0.9674930992977491,-0.5197905615466412,-1.203482431184238,-1.1233268456434446,0,top_0,Penahan Utilitas,-1.1634109577571043,-0.3741164515619482
Sniper,oe:player:007be3acd5669d100711b13d79e2336,LTA N,top,100 Thieves,26,540.804026923077,0.1863734230769231,0.20512123076923078,7.426550000000001,0.02845278375884343,0.09009522723384843,0.21010638297872342,819.5485692307692,0.5314685314685315,0.36403508771929827,0.4079153846153846,0.18578461538461538,-0.7761980756299758,-2.435168456044224,-1.081650873345698,-1.466380275520078,0.4697586964519326,0.027352821441078902,0.15176980472432466,-0.5098455248924562,-1.4492242660902932,0.33534944553117063,0.34662008571356245,0.28505050279179855,0,top_0,Penahan Utilitas,-2.6004645691791572,-0.02988270090743128
Impact,oe:player:21f59b54f62b5b8b4bc0f63f0f617fc,LTA N,top,Team Liquid,36,580.489,0.211922,0.2061275,7.2011111111111115,0.007761966364812419,0.09926393270241851,0.22692307692307692,903.9626888888889,0.6110091743119266,0.3033033033033033,0.373625,0.15314444444444444,-0.07137281057861496,-0.9175338088274523,-0.9759134865265163,-2.1864397483380227,-1.7258537137186576,0.5208533763548835,0.766061558773996,0.8212042682581161,1.0098674170812187,-0.8482819870197381,-0.24065999768284063,-0.4769879637296918,0,top_0,Penahan Utilitas,-1.5260964070453689,2.5657115514876465
Srtty,oe:player:4d0ec5fa505ee341aff8b2309356afc,LTA N,top,LYON,33,561.8517818181818,0.23177033333333333,0.21240139393939395,7.330490909090909,0.016401236035179463,0.09843709524220708,0.22007722007722008,893.4849424242424,0.5755395683453237,0.425,0.4117727272727273,0.17467878787878788,-0.4023792653230348,0.26149539686446516,-0.3166613400357483,-1.773196276522735,-0.8090949727836384,0.47634930248789936,0.51599139493978,0.6559901746806984,-0.08671679345344073,1.523524420991675,0.41268351844847384,0.025766696420021686,0,top_0,Penahan Utilitas,-0.0984206372115267,1.564294410608111
Dhokla,oe:player:5385f74da3e5deb5b66d9a1ee56cf97,LTA N,top,100 Thieves,22,601.7275272727273,0.21708909090909093,0.21134127272727274,7.7572363636363635,0.011977118341079729,0.08973975471133713,0.2152317880794702,841.9054545454545,0.5857988165680473,0.30808080808080807,0.30655454545454547,0.18672727272727271,0.30583421398669536,-0.6105986627891583,-0.42805741899127037,-0.41015679144568534,-1.2785615737514142,0.008219707424352607,0.33899412479408647,-0.15732005055090684,0.23045982315705313,-0.7551708611373991,-1.3893535040606302,0.30705838863193485,0,top_0,Penahan Utilitas,-0.585180963924786,0.4977731105408582
Licorice,oe:player:e03d0722b6dce835cde3268c08c4f54,LTA N,top,LYON,22,554.0951590909091,0.22056100454545458,0.20962277272727273,7.714395454545454,0.03464484679665738,0.09680889207601291,0.2553191489361702,792.0406454545454,0.6021505376344086,0.3392857142857143,0.3509227272727273,0.17426363636363637,-0.5401408220477024,-0.4043603097664307,-0.6086350354904474,-0.5469921110619271,1.1268313577913036,0.38871215798765757,1.8033327931060443,-0.9435930590802694,0.7359923388924151,-0.14700319096101802,-0.6294743189599148,0.016074301592800506,0,top_0,Penahan Utilitas,-0.3095205422089831,0.4487068879101851
Kiin,oe:player:03daae1844b9ad257324c3eedf41e28,LCK,top,Gen.G,70,653.09426,0.22562335714285714,0.20705604285714285,8.205961428571428,0.024938492507269067,0.07219171927473213,0.227994227994228,797.0506457142857,0.5674381484437351,0.3333333333333333,0.40082428571428574,0.22497285714285717,1.218133459828327,-0.10364682105127608,-0.8783434801487493,1.023086316209041,0.09683860644444135,-0.9362936980174138,0.8051893012736158,-0.8645949028900543,-0.33718163243017363,-0.263012052902178,0.22517317863684577,1.1999644506955165,1,top_1,Pengumpul Sumber Daya Mandiri,0.46039935607946364,-0.7120176379457013
Siwoo,oe:player:da9f969a7ab3819b9e528072aa4d5e6,LCK,top,Dplus Kia,77,615.7374415584416,0.23277888311688313,0.21186251948051946,8.05218051948052,0.04061059907834101,0.08288038240622952,0.2079303675048356,864.7106142857143,0.532258064516129,0.36044657097288674,0.4433064935064935,0.18014545454545455,0.5546574028202909,0.3214051953462596,-0.3732855270452556,0.5319048662151218,1.7598889840911138,-0.36098225358693453,0.07228281597868008,0.2022738571742063,-1.4248149316729337,0.2654110885714278,0.9527519099607734,0.15339501954635285,1,top_1,Pengumpul Sumber Daya Mandiri,0.27957292243690696,-0.5562930793120578
Morgan,oe:player:f73dde2d8c7879ae8d1fcdc03c4ffeb,LCK,top,HANJIN BRION,78,589.2222576923077,0.23727287179487178,0.21480983333333334,8.106124358974359,0.024750773461670678,0.08545140199916536,0.1959890610756609,846.8340717948718,0.5805168986083499,0.3339041095890411,0.3538948717948718,0.2282628205128205,0.0837342788431492,0.5883567732149683,-0.06358584091424975,0.7042033228795939,0.07691874256027681,-0.22259853080758618,-0.3639174321970531,-0.0796051493362243,0.06716317302236274,-0.25188791545576505,-0.578571382104314,1.2767740558276155,1,top_1,Pengumpul Sumber Daya Mandiri,0.6873989565338733,-0.8472689525956973
Azhi,oe:player:72bd7f020390328891f8595b5a2136f,LCP,top,PSG Talon,47,624.1572382978724,0.23986140425531915,0.21471555319148936,7.951251063829787,0.02358412223883076,0.07084216101694915,0.19419237749546278,767.8376489361702,0.5850556438791733,0.3179347826086957,0.3907723404255319,0.18056808510638295,0.704197266613189,0.742120583984085,-0.07349266855311544,0.2095327547047225,-0.046880808439915975,-1.008932932791336,-0.4295479248256425,-1.3252281888415078,0.20748377326557196,-0.5631219348803935,0.05301683411958759,0.16326202499633424,1,top_1,Pengumpul Sumber Daya Mandiri,0.12539505761019032,-0.8720126623374974
Hiro02,oe:player:9d5e3b1fd70d1652fc3f5f1a978cd9b,LCP,top,Team Secret Whales,27,603.729274074074,0.22629885185185186,0.21016559259259257,7.991192592592593,0.041271693160274174,0.08010215927559787,0.2169811320754717,772.5819814814814,0.5526315789473685,0.3055555555555556,0.41588148148148146,0.3012111111111111,0.3413862532205419,-0.06352113508964331,-0.5515962705978894,0.337107355015424,1.8300411846030917,-0.510518593405135,0.4028953645559513,-1.2504191062064023,-0.7949439864069191,-0.8043867419609204,0.4830527937260065,2.9798718614359303,1,top_1,Pengumpul Sumber Daya Mandiri,0.28358967778714106,-1.6038571232924954
Kratos,oe:player:fa6ab005227d25bf19d02ca58f00cab,LCP,top,MGN Vikings Esports,34,562.053861764706,0.21512114411764705,0.2145595,8.236688235294118,0.020546398735606233,0.06112243007964438,0.16751269035532995,829.7721323529413,0.5124760076775432,0.3595505617977528,0.34867058823529407,0.15710294117647058,-0.3987902229015029,-0.7274984902655226,-0.08989052329052584,1.121228781154491,-0.3692297662085322,-1.5320921320496856,-1.4041218728941676,-0.34863941821098887,-2.0364002760806943,0.24794832778247877,-0.6680459598603979,-0.384570347874285,1,top_1,Pengumpul Sumber Daya Mandiri,-1.2273449085655794,-2.072848785017246
Canna,oe:player:7577c239c73fa5f3011cd7b5503e75e,LEC,top,Karmine Corp,44,638.7146818181818,0.23275961590909092,0.2193795681818182,8.084847727272727,0.040175928275395414,0.06700778338708391,0.18114602587800369,738.8596772727273,0.5492154065620543,0.36103896103896105,0.48766136363636364,0.1955477272727273,0.9627448525667957,0.3202606861163078,0.4165956120811637,0.6362450381225686,1.713763759016077,-1.2153162106241973,-0.9061140231061338,-1.7821555766382817,-0.9005589374646594,0.27695646813303665,1.7124031101756527,0.5129864050066406,1,top_1,Pengumpul Sumber Daya Mandiri,0.3370124683463594,-2.1575447676448847
Oscarinin,oe:player:be9758f87345bcce47970a8f17b3c07,LEC,top,Fnatic,39,590.9810589743589,0.216987641025641,0.203454,7.8525256410256405,0.04561726500971668,0.08170567266998652,0.23556581986143188,813.8329384615384,0.5545023696682464,0.2849002849002849,0.292225641025641,0.15743589743589742,0.11497148234059258,-0.6166249811450994,-1.2568411895876428,-0.10579960098799515,2.2911728692641544,-0.42421036236257653,1.0817696127452774,-0.5999701294482043,-0.7371063107456474,-1.206947408184089,-1.6347599141191105,-0.3767969364599443,1,top_1,Pengumpul Sumber Daya Mandiri,-1.1731668591353528,-0.40521230087885685
Myrwn,oe:player:ede24d5e0911d7a4f6ec514a67802ff,LEC,top,Movistar KOI,41,662.1104804878048,0.25495876097560977,0.21089324390243902,8.010619512195122,0.026495493034689975,0.06724674009978548,0.19957081545064378,700.919012195122,0.5777414075286416,0.34277620396600567,0.36387073170731704,0.20245365853658534,1.3782661121237103,1.6389326337937302,-0.4751356717182995,0.3991575964640871,0.26206019317758344,-1.2024544963153618,-0.2330806467465991,-2.3804075587482902,-0.018644368717843134,-0.0789753314091204,-0.4077181266787925,0.6742167269880869,1,top_1,Pengumpul Sumber Daya Mandiri,0.8091889682424046,-1.3217063875702837
Lot,oe:player:eeec6c7a9d2b475c23650b202208b89,LEC,top,GiantX,40,520.2066675,0.1978120075,0.20812615,7.843344999999999,0.02488922409729424,0.07041995231982395,0.1807909604519774,835.328895,0.5645161290322581,0.30793650793650795,0.3250725,0.24547499999999997,-1.1420176337430294,-1.7556945233926005,-0.7658980933254217,-0.13512288043474635,0.0916104740652291,-1.0316580848899575,-0.9190840970147045,-0.2610198611758662,-0.4275192683350786,-0.757983197184457,-1.0722026172517933,1.67862069094313,1,top_1,Pengumpul Sumber Daya Mandiri,-1.9207607049916418,-1.746990562740332
369,oe:player:0c74b7f78409a4022a2c4c5a5ca3ee1,LPL,top,Top Esports,98,630.6367755102041,0.21462092040816325,0.20966201020408162,8.106542857142857,0.03739184177997528,0.08664439954080545,0.19702338766832034,867.9140469387755,0.558303886925795,0.3069620253164557,0.3810755102040816,0.1568408163265306,0.8192771363724443,-0.757212741480282,-0.6045120153917614,0.7055400202527461,1.4183295698333802,-0.15838609091316672,-0.3261348395562247,0.25278588510860855,-0.6195779738188726,-0.7769753652997182,-0.11305757201521832,-0.39069008355372054,1,top_1,Pengumpul Sumber Daya Mandiri,-0.5350665697633442,-0.5458682516628502
Zdz,oe:player:132ee4b29ebeac294a420dcebe64bdc,LPL,top,EDward Gaming,53,549.3778528301887,0.21879700000000002,0.2155848679245283,8.22331320754717,0.029746343531406767,0.08154452658872063,0.22523961661341854,829.7078264150942,0.5802781289506953,0.30501089324618735,0.46750566037735847,0.21390377358490567,-0.6239225756373035,-0.5091455752663493,0.017853728001897672,1.0785084879705618,0.6070251869849189,-0.43288396201080487,0.7045669635869153,-0.34965340029853936,0.059781330754780204,-0.8150019319424651,1.3672030424706398,0.9415384922113841,1,top_1,Pengumpul Sumber Daya Mandiri,-0.012046169559086361,-0.7601869676619627
Flandre,oe:player:aad3806ef26a116c73b11efa07e9bd8,LPL,top,Anyone's Legend,93,631.0198161290323,0.21899593225806452,0.21551490322580644,8.168669892473117,0.03318752758938962,0.07614130257181138,0.18775181305398872,834.6281397849463,0.6011695906432749,0.29571984435797666,0.31823118279569895,0.21448172043010752,0.8260801321856887,-0.49732861621627195,0.010501933684599386,0.9039758825306918,0.9721874848054002,-0.7237095381849915,-0.6648132891662636,-0.2720694354393198,0.7056652193055342,-0.9960797252463125,-1.1893715957671454,0.9550316117313716,1,top_1,Pengumpul Sumber Daya Mandiri,0.25256611957938213,-1.6184927455274978
Ale,oe:player:f40f1b0923c35568f417aef1e01ca6b,LPL,top,JD Gaming,61,598.6654409836066,0.2204057868852459,0.2117925737704918,7.976778688524591,0.028236179958586936,0.07667477117891609,0.1927409261576971,873.0120852459017,0.598825831702544,0.2875816993464052,0.4360967213114754,0.14798688524590164,0.2514500072453606,-0.41358053755844665,-0.380635326056683,0.29106885555506984,0.4467737180010343,-0.6949958823109168,-0.48256753683405335,0.3331722335258704,0.6332051798530262,-1.154688011351873,0.829272524603877,-0.5973996646933749,1,top_1,Pengumpul Sumber Daya Mandiri,-0.7073297356756942,-0.15961012562039567
Bin,oe:player:fb66ef5885b4be9323905b821dc3a42,LPL,top,Bilibili Gaming,98,584.3658591836735,0.20394607653061222,0.21458717346938777,8.275064285714285,0.041531741848030726,0.07578816586426464,0.17146872803935348,802.2111183673469,0.5403587443946188,0.33713692946058094,0.3439265306122449,0.15466326530612245,-0.0025178236695170193,-1.3913190156175332,-0.08698263318734921,1.243803190434869,1.8576363305663237,-0.7427169282393622,-1.2596130094964735,-0.7832240838228721,-1.1743729713728441,-0.188881908757204,-0.7492958667293828,-0.44152859305190156,1,top_1,Pengumpul Sumber Daya Mandiri,-1.12290306958601,-2.4734834367258975
Thanatos,oe:player:1efc4e5732e91520d03385900b903f9,LTA N,top,Cloud9,43,576.8051209302325,0.21923037209302326,0.22146362790697674,8.492565116279069,0.03372835004557885,0.06534187383631744,0.19456066945606695,744.9749511627907,0.5832106038291606,0.32323232323232326,0.2864558139534884,0.2070651162790698,-0.13680037271235138,-0.48340243875079447,0.6355857417355467,1.9385082351848584,1.0295770250006835,-1.304982880641865,-0.4160947029717779,-1.6857293616946882,0.15044220960813892,-0.45987557619626557,-1.7335778352979923,0.7818787914102623,1,top_1,Pengumpul Sumber Daya Mandiri,0.3159332071975511,-3.1466079745499367
fNb,oe:player:61ea9de879a9b27bb8eddcba7f32f4a,LTA S,top,RED Canids,51,660.4055862745098,0.24139132941176472,0.2237627450980392,8.205076470588235,0.02786510431551872,0.07463919529617571,0.18658892128279883,881.3123647058824,0.590738423028786,0.3177966101694915,0.4100490196078432,0.16100980392156863,1.3479863255293998,0.8330010832017574,0.877173814132602,1.0202597303347747,0.40739691274888196,-0.8045596403730679,-0.7072921990077561,0.464051822189998,0.3831735143156524,-0.5658148450875767,0.3831621470045973,-0.29335821235448045,1,top_1,Pengumpul Sumber Daya Mandiri,1.2824741445687384,-0.698655101424974
Boal,oe:player:6daafc30b010acda4ebc20b6785cbc0,LTA S,top,Vivo Keyd Stars,41,584.2914365853659,0.2240012682926829,0.21461360975609756,8.001034146341462,0.022557775527115367,0.07708213529750034,0.20916334661354583,845.4053609756097,0.5491923641703378,0.35294117647058826,0.42350731707317074,0.15686585365853659,-0.0038396067907070985,-0.20000202108063062,-0.08420474453844498,0.36854161216177295,-0.15579190336989113,-0.6730697315296058,0.1173219242542113,-0.10213319616242628,-0.9012713198619441,0.11913478643340633,0.6136579593573428,-0.3901055458647911,1,top_1,Pengumpul Sumber Daya Mandiri,-0.3636704085742589,-0.27647326930982863
Wizer,oe:player:840d0b77e71408d3da84e4f0cae4b73,LTA S,top,paiN Gaming,46,590.0689586956522,0.22397808695652174,0.21906445652173911,7.814386956521739,0.0315418646567262,0.07589931116591547,0.18740157480314962,833.5884586956522,0.6136701337295691,0.36803874092009686,0.3648434782608696,0.2275304347826087,0.09877211842904934,-0.20137903706993163,0.38348411222188,-0.22761585546476543,0.7975574598477633,-0.7367345931944888,-0.6776070327020125,-0.28846322482493586,1.0921340789947396,0.41337859977170044,-0.3910582179754761,1.2596753065662887,1,top_1,Pengumpul Sumber Daya Mandiri,0.4393543210402255,-1.3821867093504954
Soboro,oe:player:38e0af7278d6769d0c81d7c4b47ac1e,LCK,top,BNK FEARX,10,579.79193,0.2371051,0.22046130000000003,7.68753,0.02358490566037736,0.11902793850223178,0.20809248554913296,852.8470100000001,0.5746268656716418,0.38961038961038963,0.39388999999999996,0.10515999999999999,-0.08375312759576545,0.5783908056587421,0.5302625037998688,-0.6328012859223867,-0.04679767542311176,1.5846401740617386,0.07820477532003837,0.015207426884172913,-0.11493406042321617,0.8337990054506014,0.1064119591796239,-1.59726372847232,2,top_2,Penuntas Bersumber Daya Tinggi,0.3119247771158901,1.3293884672863974
Kingen,oe:player:618a87d272773f68239d8ce5555f39d,LCK,top,Nongshim RedForce,71,651.0786732394366,0.257120985915493,0.2235179577464789,7.912532394366197,0.018754688672168042,0.10942722402820385,0.1922767497988737,795.562976056338,0.5373303167420814,0.3873684210526316,0.35604084507042255,0.17698732394366198,1.1823356158939393,1.7673729572498271,0.8514518958934948,0.08586400855549187,-0.5593576270753193,1.0678869708158396,-0.49952328988477546,-0.8880526182403694,-1.268000342075692,0.7901041843405148,-0.5418180071168993,0.07966326718280356,2,top_2,Penuntas Bersumber Daya Tinggi,1.5789336863997288,0.15896474241790912
DuDu,oe:player:6e6a78244523ed9e54731d07d1f79f4,LCK,top,DN SOOPers,73,577.1964794520549,0.23711687671232878,0.21549698630136987,7.954586301369863,0.022967458407450035,0.0949767396849316,0.19555935098206662,902.675904109589,0.5625774473358116,0.3766519823788546,0.308,0.16146849315068493,-0.1298496467199497,0.5790903650398481,0.00861924790644974,0.22018561675823292,-0.11231827933816375,0.29009755805479587,-0.3796141778237703,0.800914124603794,-0.4874558726372944,0.5812462727665231,-1.364597681822947,-0.28264935799809837,2,top_2,Penuntas Bersumber Daya Tinggi,0.40007113868531763,0.033106512076639436
Rest,oe:player:55276c10d84e1df7713b441e76e141f,LCP,top,CTBC Flying Oyster,19,582.2967157894736,0.22122704736842108,0.21510326315789471,7.956268421052631,0.021823373444829697,0.06767462470123801,0.19718309859154928,901.0120578947368,0.5441696113074205,0.4090909090909091,0.419821052631579,0.1450421052631579,-0.039266860601439045,-0.36479608402863567,-0.032752638511535474,0.22555836419306957,-0.2337232047396819,-1.1794238417720626,-0.32030080918760145,0.7746784407030093,-1.056555578956306,1.2134643718034863,0.5505245266775612,-0.6661503960056135,2,top_2,Penuntas Bersumber Daya Tinggi,-0.3217401939288246,-0.4547399313869489
Kratos,oe:player:75019a36fdf85666fbd9396ae4fc7ec,LCP,top,MGN Vikings Esports,15,574.7651733333333,0.21350793333333332,0.222438,8.232213333333332,0.012192206550322734,0.06236398479877871,0.1797752808988764,880.41036,0.5753424657534246,0.373015873015873,0.3234666666666667,0.16921333333333333,-0.1730308774650799,-0.8233263160935376,0.7379714211894035,1.1069357922089007,-1.255737422704025,-1.4652661286461541,-0.9561855377789454,0.44982892699132576,-0.09281044981758273,0.5103803600388844,-1.0997051939798943,-0.1018333277433102,2,top_2,Penuntas Bersumber Daya Tinggi,-0.07418330995363646,-1.598235713484771
JNX,oe:player:4bb53c6fa9f5d75901136feb8bdf817,LEC,top,SK Gaming,28,511.2742035714286,0.22674164285714288,0.23128432142857142,7.964332142857144,0.026808510638297874,0.11890830848212601,0.2,791.8117607142857,0.55078125,0.4397163120567376,0.3967964285714286,0.15855714285714287,-1.3006627270334694,-0.037218497055091705,1.6675307103119004,0.25131416568821413,0.29527615183186195,1.5782011536886962,-0.21740309856100123,-0.9472021352325983,-0.8521490624906504,1.8103378200887545,0.15618940066823567,-0.3506196182416577,2,top_2,Penuntas Bersumber Daya Tinggi,0.6363513953672231,-0.6310426353980564
Carlsen,oe:player:5fa6eac8bedeed60a83f154d9538ee1,LEC,top,Team Heretics,41,507.6664902439024,0.20658491951219513,0.22099326829268293,8.137541463414635,0.021142400284267567,0.07423869301459547,0.17252931323283083,787.4621609756098,0.5581395348837209,0.4015151515151515,0.295890243902439,0.15258536585365853,-1.364737546924972,-1.2345666630511694,0.5861610003642063,0.8045506221952913,-0.3059848797547363,-0.8261164565322981,-1.2208712246381561,-1.015787033776825,-0.6246591087623304,1.065816729332919,-1.5719974718998115,-0.49004057282197927,2,top_2,Penuntas Bersumber Daya Tinggi,-1.0760469436949949,-2.355377906911678
Adam,oe:player:6a9abcfebed9c636ca90560b7f49855,LEC,top,Natus Vincere,37,567.1625783783784,0.24721905405405406,0.25236945945945943,8.393935135135136,0.025105386416861827,0.09045774739414103,0.1864951768488746,855.2118351351351,0.6345177664974619,0.46,0.40080270270270274,0.20253513513513513,-0.30805682277232904,1.179179144633764,3.8831280156211143,1.623480723398517,0.11454860465792242,0.04686527070505798,-0.7107165601181067,0.05249621245354219,1.7366629452534075,2.2056565292056924,0.22480353353124014,0.6761189321674064,2,top_2,Penuntas Bersumber Daya Tinggi,3.776656466797475,-2.1112150297522096
BrokenBlade,oe:player:84bff3a326833c7c9181c698f676878,LEC,top,G2 Esports,39,573.7221051282052,0.22765582051282052,0.21455889743589743,8.013346153846154,0.01586363188491477,0.06241934209486686,0.2140921409214092,987.1695307692308,0.5369718309859155,0.3737704918032787,0.4119358974358974,0.19243076923076924,-0.1915562982262603,0.01708541537592214,-0.08995383989769953,0.40786658256440944,-0.8661430014623359,-1.462286552474613,0.297364310156349,2.1332175916463476,-1.2790833470654648,0.5250874944489113,0.41547807990088076,0.4402158937596458,2,top_2,Penuntas Bersumber Daya Tinggi,0.18661813621631437,0.08909878168926695
Breathe,oe:player:0d9b0a3b3a93a8f759c9d8ac8eef97c,LPL,top,Weibo Gaming,99,576.0522131313131,0.22159918787878788,0.22134964646464647,8.05020404040404,0.021951965733516904,0.08218757986199847,0.18953323903818953,788.5164393939394,0.5780386740331491,0.34767025089605735,0.42134848484848486,0.16775858585858586,-0.15017239738032817,-0.3426902213864214,0.6236087285373284,0.5255919248727441,-0.2200775947322532,-0.39827197144249593,-0.5997401364903887,-0.9991630723314625,-0.009454028248012232,0.01640714145072226,0.5766843533983259,-0.13579679983616705,2,top_2,Penuntas Bersumber Daya Tinggi,-0.17877246414449485,-1.046700910317913
Zika,oe:player:65ed20b21e2993fb00dbd21a2fd991b,LPL,top,LNG Esports,50,569.73551,0.2348951,0.22670458,8.076699999999999,0.02241130441388741,0.07729824238520291,0.16710875331564987,799.22815,0.6449912126537786,0.37329700272479566,0.32254800000000006,0.19163,-0.26236025120975426,0.4471125516703724,1.186297779643318,0.6102209203069563,-0.17133473030661614,-0.6614378857834844,-1.4188771626943977,-0.8302598101256795,2.0604617406422165,0.5158594343539984,-1.115438894335399,0.42152061922289447,2,top_2,Penuntas Bersumber Daya Tinggi,0.9762166522320933,-1.922581003596957
Xiaoxu,oe:player:8007ba25dee37ac1e4445a6e9f8d252,LPL,top,JD Gaming,65,508.3262461538461,0.21820449230769232,0.2224452,7.953218461538461,0.03162197907899483,0.09238315197980905,0.189453125,808.4356476923077,0.5941101152368758,0.36637931034482757,0.4227753846153846,0.12519076923076922,-1.35301994708702,-0.5443416726965904,0.7387279872870447,0.2158166898496903,0.8060588262470147,0.15049911898581633,-0.6026665971375464,-0.6850751188866271,0.48741330885003187,0.3810371461504649,0.6011223940765638,-1.1296124806942254,2,top_2,Penuntas Bersumber Daya Tinggi,-0.6524706811656641,-0.8861628906025878
Solokill,oe:player:b42e757e6ed7f3eb263f69eb034f092,LPL,top,Ninjas in Pyjamas,46,539.6689347826087,0.20634006739130434,0.21165091304347824,7.614719565217392,0.0349769663879884,0.07649836306468866,0.17585692995529062,824.6765652173914,0.5766710353866317,0.4113636363636364,0.42106739130434784,0.1131391304347826,-0.7963578881920885,-1.249111350343428,-0.3955208404213306,-0.8653602891343377,1.1620743297097322,-0.7044909525322219,-1.0993177540208714,-0.42898680096197594,-0.05173617107475059,1.2577586645446561,0.5718701571770063,-1.4109778069971532,2,top_2,Penuntas Bersumber Daya Tinggi,-1.7898578163323955,-0.8983885363703041
Castle,oe:player:80fea0848c57b8e07a79675d41f582c,LTA N,top,Disguised,37,586.7008594594594,0.24214135135135134,0.22698316216216216,7.8127216216216215,0.019080750579801815,0.11118737131091283,0.2033132530120482,839.8565783783783,0.5822102425876011,0.47685185185185186,0.48216756756756757,0.18597297297297297,0.03895296642238326,0.8775538301166448,1.215570810101527,-0.23293499173337479,-0.5247574681134439,1.1626259351903139,-0.09637431542941406,-0.189626923019908,0.11951487584080529,2.534090507234663,1.618312680755452,0.28944802044122503,2,top_2,Penuntas Bersumber Daya Tinggi,1.7873640759152722,0.4188284426378687
Fudge,oe:player:f02f1c8275084050765b4b6414bdfda,LTA N,top,Shopify Rebellion,45,529.8499488888889,0.2204853333333333,0.22505248888888887,7.87988,0.015475313190862197,0.08758277967993647,0.20512820512820512,850.1119711111111,0.6374045801526718,0.38622754491017963,0.43389333333333335,0.15002666666666667,-0.9707480615622972,-0.4088553254245588,1.0126983178545954,-0.01842884876583571,-0.9073495583385774,-0.10787829338725592,-0.030076497163859486,-0.027918924039801833,1.8259121541687702,0.7678690915330341,0.7915358269823128,-0.5497776130574326,2,top_2,Penuntas Bersumber Daya Tinggi,0.24110557938752716,-0.0356849607447414
Photon,oe:player:fd22b656b23ca07a276181a4953ba2c,LTA N,top,Dignitas,11,500.9737181818182,0.22700981818181817,0.23560745454545454,8.262063636363637,0.02288791652642208,0.08327550312283137,0.16853932584269662,831.6591909090909,0.6115702479338843,0.44594594594594594,0.3196818181818182,0.3400909090909091,-1.4836045758490748,-0.021288366563627113,2.1217995925088204,1.2022786745722476,-0.12075889034871141,-0.3397150972179819,-1.3666202262333587,-0.3188841010792266,1.0272136620709598,1.9317502000386735,-1.1645270429838077,3.887584682104003,2,top_2,Penuntas Bersumber Daya Tinggi,2.1779504439582587,-3.4401196657268054
Zothve,oe:player:6e632d8dfe91b18ecbbcdc028094e5c,LTA S,top,Leviatan,38,522.5219368421053,0.22772534736842107,0.21728052631578948,7.856576315789473,0.019445007089325502,0.09751714478256848,0.22862453531598512,879.2112894736842,0.5514223194748359,0.3968253968253968,0.36082631578947366,0.13026315789473686,-1.1008972750482762,0.021215444429560835,0.19603117966949768,-0.09286160812714551,-0.4861042773010621,0.42683347237631664,0.8282136003156124,0.430921869943412,-0.8323296524689351,0.9744158078035209,-0.45985883184085213,-1.0111892259209572,2,top_2,Penuntas Bersumber Daya Tinggi,-0.17425038874268947,0.6922191088013209
Hidan,oe:player:d7eca91517950c67ade956ce6e953cf,LTA S,top,Fluxo W7M,20,495.59444999999994,0.23806950000000002,0.21869204999999997,8.030204999999999,0.013449516953968555,0.10015427805457902,0.21019108280254778,830.984295,0.5297029702970297,0.4392523364485981,0.404875,0.16827,-1.5791431091544466,0.6356780220145717,0.344352147098573,0.46171431014010467,-1.1223175450302825,0.5687757277557801,0.15486377810083582,-0.32952592336952363,-1.5038086475808807,1.8012951726676099,0.29454842333625775,-0.12385699569742685,2,top_2,Penuntas Bersumber Daya Tinggi,0.22098757433612232,-0.06289841236557696
Rich,oe:player:6fbf57b984dbf130701e09ea4110bb8,LCK,top,Kiwoom DRX,76,629.4311736842105,0.24933734210526315,0.21529084210526314,7.7441894736842105,0.02040816326530612,0.09055635805388039,0.18580542264752792,871.3789302631579,0.5980099502487563,0.34608985024958405,0.428725,0.22341184210526313,0.7978650360062624,1.3050095323293085,-0.013042100704602107,-0.4518290013610351,-0.38389866537943934,0.05217293550775119,-0.735912375633953,0.3074204918650205,0.6079812537475567,-0.01439405925789567,0.7030194902580342,1.1635199875937274,3,top_3,Garda Depan Ofensif,1.0269562543522335,0.3224952413505382
Zeus,oe:player:98dd15c330fb5abb4508347265a7f76,LCK,top,Hanwha Life Esports,70,684.2468471428572,0.2450158285714286,0.22333882857142856,8.139961428571429,0.03809215495845473,0.10027220912666847,0.23535457348406988,864.7735028571428,0.6240409207161125,0.3674863387978142,0.39853714285714287,0.16412857142857143,1.7714192198423135,1.0483033100175865,0.8326292485405398,0.812280073150389,1.492643516759376,0.5751233031814742,1.0740530598891844,0.20326549009451017,1.4127590464942301,0.40261256479299895,0.18600203888591624,-0.2205454561703973,3,top_3,Garda Depan Ofensif,2.6235634561600034,0.35097020026100006
Doran,oe:player:a1f3b2bb3f36e5113237f92d76dc4c8,LCK,top,T1,71,661.5033901408451,0.23298247887323942,0.22053054929577465,8.077530985915493,0.01813752030319437,0.10267987183221673,0.24581589958158995,885.3347478873239,0.5854077253218885,0.3782991202346041,0.4093225352112676,0.199956338028169,1.367483879416217,0.33349917517155114,0.5375391245593844,0.6128751175627124,-0.6248486371344121,0.7047144308828032,1.456191569360539,0.5274771392259868,0.21836878144038002,0.6133481475682807,0.370719888867438,0.6159126729396406,3,top_3,Garda Depan Ofensif,2.0085011664172225,1.0284217743383592
Kiaya,oe:player:73e08f7701a4316284cbe884b5d7e56,LCP,top,GAM Esports,48,635.25256875,0.26415739583333336,0.219342625,8.185270833333332,0.028315830416180476,0.07921335854078432,0.20833333333333334,918.76935,0.6076134699853587,0.3228915662650602,0.5133895833333334,0.16169166666666665,0.9012559671846864,2.185349250625631,0.412713673344694,0.956999851833432,0.4552258506470164,-0.5583578066225153,0.08700262870935511,1.0546770958966063,0.9048852599164429,-0.4665167552953443,2.1530418250443777,-0.27743900526438714,3,top_3,Garda Depan Ofensif,1.9671324691662035,0.5319609128148093
Naak Nako,oe:player:370f639a8b838f1933c7232d8adae72,LEC,top,Team Vitality,39,643.5385205128205,0.24771415384615386,0.22984584615384618,8.09308717948718,0.03720620420591873,0.1034588463699995,0.23076923076923078,894.7757692307691,0.525830258302583,0.39649122807017545,0.38157435897435893,0.14976923076923077,1.0484186762562664,1.2085890252929796,1.5163777068188073,0.6625621285193867,1.3986305819379043,0.7466423091396965,0.9065565098218532,0.6763440534012163,-1.623538052780845,0.9679030295892811,-0.10451395400985983,-0.5557878774297984,3,top_3,Garda Depan Ofensif,2.218745806690098,0.22241097894212328
TheShy,oe:player:37f20525a39d17ec49fd10294f9c994,LPL,top,Invictus Gaming,96,667.5591010416666,0.23541070833333333,0.20598198958333333,7.597784375,0.02403209794837856,0.10520127157224393,0.23732394366197182,888.7379489583333,0.5728395061728395,0.3125,0.33037083333333334,0.16457395833333333,1.4750363787582896,0.4777406791553737,-0.9912035209853278,-0.9194518622436126,0.0006562708647358962,0.8404273922303339,1.1459915672414394,0.581139134398865,-0.1701923626096339,-0.6690430696962351,-0.981459813496075,-0.21014716645139958,3,top_3,Garda Depan Ofensif,0.25241494626452,1.9937245011520446
Bwipo,oe:player:7e2505960c12cc54c96a0a6efb2e055,LTA N,top,FlyQuest,39,735.5550435897436,0.25336202564102567,0.22168461538461537,8.024946153846154,0.014253942579862516,0.08043865881942862,0.2604166666666667,1019.1050692307692,0.6217008797653959,0.33726415094339623,0.43161282051282046,0.1719076923076923,2.6826788316325794,1.5440834813929456,0.6588068019555924,0.4449173767989597,-1.0369556739337087,-0.4924066895842551,1.989538424149083,2.63678017140837,1.3404139530365677,-0.18640242709197793,0.7524782376773363,-0.03892908668273424,3,top_3,Garda Depan Ofensif,3.1651476601581376,2.3632006743520932
Robo,oe:player:3085815ef497539cb1d93b3c9a16624,LTA S,top,LOUD,47,587.2027531914894,0.2347086170212766,0.23502889361702126,8.20347659574468,0.037176175941144245,0.10491733785502332,0.25384615384615383,1069.8974531914894,0.629746835443038,0.41457286432160806,0.3065340425531915,0.1884723404255319,0.04786685385327497,0.4360351037765455,2.06100520585998,1.0151496757115352,1.3954441234457533,0.825144815263777,1.749526216108993,3.437679267890719,1.5891640508829201,1.3203048769078156,-1.389704650475349,0.3477998637668275,3,top_3,Garda Depan Ofensif,3.497834296306155,0.6189120969518324
Summit,oe:player:99ce2ea4de279c28bb0315848da8a48,LTA S,top,Isurus Estral,15,726.28196,0.2553394666666667,0.21819146666666667,8.14612,0.010584677419354838,0.16247343525056557,0.316,867.89444,0.5707547169811321,0.2975206611570248,0.3271733333333333,0.25804666666666665,2.5179841602687953,1.6615472846558963,0.29175153889808386,0.8319507595968356,-1.426320867642361,3.923070264035211,4.01992462504236,0.2524767210504257,-0.23464605042539996,-0.9609827263994002,-1.0362223391347496,1.9721269230595675,3,top_3,Garda Depan Ofensif,3.903042994484101,3.778817580842955
curty,oe:player:c2247726b5c15c6b06022f64d4a080a,LTA S,top,Fluxo W7M,10,657.99623,0.26897139999999997,0.21201150000000002,7.23155,0.004629629629629629,0.13650740802397202,0.22777777777777777,906.87328,0.5487804878048781,0.4444444444444444,0.42824,0.12453,1.3051949351587195,2.4713103645137413,-0.3576308589552882,-2.089216902738833,-2.058242583507078,2.5254630566538037,0.7972826590068529,0.8670987431644558,-0.9140049577681778,1.902486703332795,0.6947130555638177,-1.14503922500457,3,top_3,Garda Depan Ofensif,1.433787493848485,4.1526848904978095
Guigo,oe:player:d61d8a0b25028f787123bfff542d305,LTA S,top,FURIA,40,662.6892224999999,0.260567075,0.22003530000000002,8.15205,0.02743071864725223,0.09657549871993105,0.2651356993736952,930.5503925,0.6327272727272727,0.3275862068965517,0.326315,0.2367325,1.3885448640168034,1.9720772821830646,0.48549900968951054,0.850891381132255,0.361301944827446,0.3761498883047211,2.161918494132556,1.2404416841696626,1.681307743413869,-0.3750206092591592,-1.0509227304320734,1.4745126516263112,3,top_3,Garda Depan Ofensif,3.4352317562216004,1.0697686759553962
